date,description,merchant,amount,type,category,group
2026-09-14T06:08:34.000Z,STUDYLINK (MSD) LC PAYMENT REF:206963 SSV525150039,,333.48,CREDIT,,
2026-09-13T09:58:25.000Z,eBay O*10-15159-8680,eBay,-92.69,EFTPOS,General retail stores,Household
2026-09-11T14:03:04.000Z,AT PUBLIC TRANSPORT,Auckland Transport,-6.5,EFTPOS,Bus and shuttle transport services,Transport
2026-09-11T01:20:52.000Z,MANLY BAKERY,Manly Bakery,-7.14,EFTPOS,Bakeries,Food
2026-09-10T23:44:06.000Z,Manly Pricecutter 6503 Whangaparaoa 420549111144,Price Cutter,-11.0,EFTPOS,Convenience stores,Food
2026-09-10T14:03:15.000Z,AT PUBLIC TRANSPORT,Auckland Transport,-6.5,EFTPOS,Bus and shuttle transport services,Transport
2026-09-09T04:33:47.000Z,TATTYS HIGH STREET 6503 AUCKLAND 451836091633,Tatty's Designer Recycle,-15.44,EFTPOS,Clothing stores,Appearance
2026-09-08T17:42:04.000Z,KASPIAN R CROMPTON Rent Kaspian,,-265.0,STANDING ORDER,,
2026-09-08T03:25:01.000Z,MANLY PHARMACY MANLY WAGES UNICHEM,,599.99,DIRECT CREDIT,,
2026-09-08T00:19:06.000Z,WOOLWORTHS NZ/76 QUA 6503 AUCKLAND CIT 408964081219,Woolworths,-73.56,EFTPOS,Supermarkets and grocery stores,Food
2026-09-07T09:32:43.000Z,KMART - ST LUKES 6503 AUCKLAND 492102071401,Kmart,-69.0,EFTPOS,General retail stores,Household
2026-09-07T06:07:59.000Z,STUDYLINK (MSD) LC PAYMENT REF:206926 SSV525150039,,333.48,CREDIT,,
2026-09-06T08:07:03.000Z,Z Beach Road 6503 Parnell 420549062007,Z Energy,-4.9,EFTPOS,Fuel stations,Transport
2026-09-06T01:09:48.000Z,FONG'S CAF 6503 APIA 493754060616,,-2.66,EFTPOS,,
2026-09-06T00:10:37.000Z,FONG'S CAF 6503 APIA 493754060615,,-15.28,EFTPOS,,
2026-09-02T20:31:30.000Z,Tania and Tibor INTERNET XFR,,340.33,TRANSFER,,
2026-09-02T08:11:25.000Z,The New York Times 6503 800-6984637 479338020545,The New York Times,-3.48,EFTPOS,Entertainment (not elsewhere classified),Lifestyle
2026-09-01T17:42:48.000Z,KASPIAN R CROMPTON Rent Kaspian,,-265.0,STANDING ORDER,,
2026-09-01T02:18:43.000Z,WITHDRAWAL 6503 Apia 404523011518,,-340.33,ATM,,
2026-08-31T22:17:24.000Z,2degrees 65930425 23-Aug-2026 65930425,2degrees,-75.0,DIRECT DEBIT,Telecommunication services,Utilities
2026-08-31T18:56:28.000Z,MANLY PHARMACY MANLY WAGES UNICHEM,,210.6,DIRECT CREDIT,,
2026-08-31T06:09:03.000Z,STUDYLINK (MSD) LC PAYMENT REF:206889 SSV525150039,,333.48,CREDIT,,
2026-08-28T05:33:47.000Z,CASH CONVERTERS PAPA 6503 PAPAKURA 434667281129,Cash Converters,-122.4,EFTPOS,Secondhand and opportunity stores,Appearance
2026-08-27T05:49:49.000Z,THE WAREHOUSE 221 AT 6503 AUCKLAND 434667271154,The Warehouse,-42.98,EFTPOS,General retail stores,Household
2026-08-27T05:37:50.000Z,PB TECHNOLOGIES AUCK 6503 AUCKLAND 492102271455,PB Tech,-5.91,EFTPOS,Electronic and appliance stores,Household
2026-08-26T08:51:35.000Z,EDEN NOODLES CITY 6503 AUCKLAND 434667261126,Eden Noodles,-32.64,EFTPOS,Cafes and restaurants,Lifestyle
2026-08-25T17:41:56.000Z,KASPIAN R CROMPTON Rent Kaspian,,-265.0,STANDING ORDER,,
2026-08-25T05:10:17.000Z,MANLY PHARMACY MANLY WAGES UNICHEM,,210.6,DIRECT CREDIT,,
2026-08-24T06:08:18.000Z,STUDYLINK (MSD) LC PAYMENT REF:206852 SSV525150039,,333.48,CREDIT,,
2026-08-24T04:37:55.000Z,New World Orewa 6503 Orewa 420549241637,New World,-5.99,EFTPOS,Supermarkets and grocery stores,Food
2026-08-23T06:30:10.000Z,WOOLWORTHS NZ/76 QUA 6503 AUCKLAND CIT 408964231830,Woolworths,-75.64,EFTPOS,Supermarkets and grocery stores,Food
2026-08-18T17:40:59.000Z,KASPIAN R CROMPTON Rent Kaspian,,-265.0,STANDING ORDER,,
2026-08-18T05:08:42.000Z,MANLY PHARMACY MANLY WAGES UNICHEM,,210.6,DIRECT CREDIT,,
2026-08-17T06:09:14.000Z,STUDYLINK (MSD) LC PAYMENT REF:206815 SSV525150039,,333.48,CREDIT,,
2026-08-16T03:10:22.000Z,WOOLWORTHS NZ/76 QUA 6503 AUCKLAND CIT 408964161510,Woolworths,-100.37,EFTPOS,Supermarkets and grocery stores,Food
2026-08-14T08:29:55.000Z,Z Beach Road 6503 Parnell 420549142029,Z Energy,-8.4,EFTPOS,Fuel stations,Transport
2026-08-14T07:51:38.000Z,Beach Rd Liqour 6503 Auckland 420549141951,Liquor Centre,-36.99,EFTPOS,Liquor stores,Lifestyle
2026-08-14T01:06:31.000Z,MANLY BAKERY 6503 WHANGAPARAOA 492102141320,Manly Bakery,-6.94,EFTPOS,Bakeries,Food
2026-08-13T21:33:00.000Z,Manly Pricecutter 6503 Whangaparaoa 420549140933,Price Cutter,-10.7,EFTPOS,Convenience stores,Food
2026-08-11T23:55:52.000Z,ST PIERRE'S GRAFTON 6503 AUCKLAND 492102121506,St Pierre's Sushi,-12.3,EFTPOS,Fast food stores,Lifestyle
2026-08-11T17:42:00.000Z,KASPIAN R CROMPTON Rent Kaspian,,-265.0,STANDING ORDER,,
2026-08-11T00:56:00.000Z,MANLY PHARMACY MANLY WAGES UNICHEM,,269.45,DIRECT CREDIT,,
2026-08-10T06:07:58.000Z,STUDYLINK (MSD) LC PAYMENT REF:206778 SSV525150039,,333.48,CREDIT,,
2026-08-09T02:50:14.000Z,WOOLWORTHS NZ/76 QUA 6503 AUCKLAND CIT 408964091450,Woolworths,-167.53,EFTPOS,Supermarkets and grocery stores,Food
2026-08-07T03:53:02.000Z,U-GO Manly 6503 Manly 420549071554,U-GO,-40.0,EFTPOS,Fuel stations,Transport
2026-08-07T01:46:56.000Z,MANLY BAKERY 6503 WHANGAPARAOA 492102071500,Manly Bakery,-6.94,EFTPOS,Bakeries,Food
2026-08-07T00:02:28.000Z,Manly Pricecutter 6503 Whangaparaoa 420549071202,Price Cutter,-4.2,EFTPOS,Convenience stores,Food
2026-08-06T03:07:21.000Z,New World Orewa 6503 Orewa 420549061507,New World,-3.59,EFTPOS,Supermarkets and grocery stores,Food
2026-08-05T09:11:45.000Z,The New York Times 6503 800-6984637 479338050255,The New York Times,-3.49,EFTPOS,Entertainment (not elsewhere classified),Lifestyle
2026-08-04T17:41:27.000Z,KASPIAN R CROMPTON Rent Kaspian,,-265.0,STANDING ORDER,,
2026-08-03T22:34:54.000Z,MANLY PHARMACY MANLY WAGES UNICHEM,,276.56,DIRECT CREDIT,,
2026-08-03T06:08:36.000Z,STUDYLINK (MSD) LC PAYMENT REF:206741 SSV525150039,,333.48,CREDIT,,
2026-08-03T00:16:52.000Z,2degrees 65930425 23-Jul-2026 65930425,2degrees,-75.0,DIRECT DEBIT,Telecommunication services,Utilities
2026-08-02T22:56:42.000Z,New World Orewa 6503 Orewa 420549031056,New World,-7.18,EFTPOS,Supermarkets and grocery stores,Food
2026-08-01T15:27:23.000Z,MCDONALDS BRITOMART 6503 AUCKLAND 455046021033,McDonald's,-14.9,EFTPOS,Fast food stores,Lifestyle
2026-08-01T14:16:58.000Z,BAR101 6503 AUCKLAND 492102020748,Bar 101,-8.12,EFTPOS,"Bars, pubs, nightclubs",Lifestyle
2026-08-01T13:20:54.000Z,ROSIE'S VIADUCT 6503 AUCKLAND 434667021355,Rosie's Red-Hot Cantina,-30.6,EFTPOS,Cafes and restaurants,Lifestyle
2026-08-01T11:37:08.000Z,BAR101 6503 AUCKLAND 492102010748,Bar 101,-8.12,EFTPOS,"Bars, pubs, nightclubs",Lifestyle
2026-08-01T02:34:41.000Z,WOOLWORTHS NZ/76 QUA 6503 AUCKLAND CIT 408964011434,Woolworths,-22.81,EFTPOS,Supermarkets and grocery stores,Food
2026-07-31T02:03:38.000Z,MANLY BAKERY 6503 WHANGAPARAOA 492102311419,Manly Bakery,-6.94,EFTPOS,Bakeries,Food
2026-07-30T23:34:28.000Z,Manly Pricecutter 6503 Whangaparaoa 420549311134,Price Cutter,-10.7,EFTPOS,Convenience stores,Food
2026-07-28T17:41:42.000Z,KASPIAN R CROMPTON Rent Kaspian,,-265.0,STANDING ORDER,,
2026-07-28T01:15:28.000Z,MANLY PHARMACY MANLY WAGES UNICHEM,,276.56,DIRECT CREDIT,,
2026-07-27T06:07:53.000Z,STUDYLINK (MSD) LC PAYMENT REF:206704 SSV525150039,,333.48,CREDIT,,
2026-07-27T04:58:00.000Z,WOOLWORTHS NZ/76 QUA 6503 AUCKLAND CIT 408964271658,Woolworths,-92.24,EFTPOS,Supermarkets and grocery stores,Food
2026-07-25T04:55:55.000Z,BARBER SHOP ANZAC AV 6503 AUCKLAND 434667250645,Barber Shop,-45.76,EFTPOS,Haircuts and treatments,Appearance
2026-07-23T23:13:46.000Z,Manly Pricecutter 6503 Whangaparaoa 420549241113,Price Cutter,-4.2,EFTPOS,Convenience stores,Food
2026-07-23T05:42:13.000Z,WOOLWORTHS NZ/SILVER 6503 SILVERDALE 408964231742,Woolworths,-2.99,EFTPOS,Supermarkets and grocery stores,Food
2026-07-22T17:42:05.000Z,Barfoot&thompson ltd Rent,,-265.0,STANDING ORDER,,
2026-07-21T07:10:07.000Z,THE WAREHOUSE 221 AT 6503 AUCKLAND 434667211047,The Warehouse,-9.99,EFTPOS,General retail stores,Household
2026-07-20T08:43:17.000Z,WOOLWORTHS NZ/76 QUA 6503 AUCKLAND CIT 408964202043,Woolworths,-38.44,EFTPOS,Supermarkets and grocery stores,Food
2026-07-20T06:08:40.000Z,STUDYLINK (MSD) LC PAYMENT REF:206667 SSV525150039,,333.48,CREDIT,,
2026-07-19T08:25:11.000Z,WOOLWORTHS NZ/76 QUA 6503 AUCKLAND CIT 408964192025,Woolworths,-117.58,EFTPOS,Supermarkets and grocery stores,Food
2026-07-18T11:22:39.000Z,BAR101 6503 AUCKLAND 492102180811,Bar 101,-4.06,EFTPOS,"Bars, pubs, nightclubs",Lifestyle
2026-07-17T05:45:52.000Z,Adam INTERNET XFR,,-500.0,TRANSFER,,
2026-07-17T05:45:52.000Z,Savings INTERNET XFR,,500.0,TRANSFER,,
2026-07-16T09:30:58.000Z,Z Beach Road 6503 Parnell 420549162130,Z Energy,-10.4,EFTPOS,Fuel stations,Transport
2026-07-16T08:04:32.000Z,kaspian,,-137.0,PAYMENT,,
2026-07-16T08:04:00.000Z,Adam INTERNET XFR,,-200.0,TRANSFER,,
2026-07-16T08:04:00.000Z,Savings INTERNET XFR,,200.0,TRANSFER,,
2026-07-16T07:36:51.000Z,THE WAREHOUSE 221 AT 6503 AUCKLAND 434667161102,The Warehouse,-31.98,EFTPOS,General retail stores,Household
2026-07-16T07:24:49.000Z,WOOLWORTHS NZ/76 QUA 6503 AUCKLAND CIT 408964161924,Woolworths,-25.7,EFTPOS,Supermarkets and grocery stores,Food
2026-07-15T17:43:19.000Z,Barfoot&thompson ltd Rent,,-265.0,STANDING ORDER,,
2026-07-14T19:27:42.000Z,WOOLWORTHS NZ/76 QUA 6503 AUCKLAND CIT 408964150727,Woolworths,-32.2,EFTPOS,Supermarkets and grocery stores,Food
2026-07-14T07:45:03.000Z,WOOLWORTHS NZ/76 QUA 6503 AUCKLAND CIT 408964141945,Woolworths,-9.34,EFTPOS,Supermarkets and grocery stores,Food
2026-07-14T02:04:24.000Z,Manly Pricecutter 6503 Whangaparaoa 420549141404,Price Cutter,-6.5,EFTPOS,Convenience stores,Food
2026-07-14T01:48:37.000Z,Manly Pricecutter 6503 Whangaparaoa 420549141348,Price Cutter,-4.2,EFTPOS,Convenience stores,Food
2026-07-14T01:30:12.000Z,MANLY BAKERY 6503 WHANGAPARAOA 492102141457,Manly Bakery,-7.14,EFTPOS,Bakeries,Food
2026-07-13T21:26:49.000Z,Manly Pricecutter 6503 Whangaparaoa 420549140926,Price Cutter,-4.2,EFTPOS,Convenience stores,Food
2026-07-13T07:00:36.000Z,WOOLWORTHS NZ/76 QUA 6503 AUCKLAND CIT 408964131900,Woolworths,-99.44,EFTPOS,Supermarkets and grocery stores,Food
2026-07-13T06:07:32.000Z,STUDYLINK (MSD) LC PAYMENT REF:206630 SSV525150039,,333.48,CREDIT,,
2026-07-12T06:21:17.000Z,2DEGREES,2degrees,-75.0,DIRECT CREDIT,Telecommunication services,Utilities
2026-07-12T05:52:55.000Z,AELIA DUTY FREE ARRI 6503 AUCKLAND 434667121225,Aelia Duty Free,-99.0,EFTPOS,Duty free stores,Lifestyle
2026-07-08T17:43:02.000Z,Barfoot&thompson ltd Rent,,-265.0,STANDING ORDER,,
2026-07-08T07:11:06.000Z,The New York Times 6503 800-6984637 479338080208,The New York Times,-3.61,EFTPOS,Entertainment (not elsewhere classified),Lifestyle
2026-07-07T12:39:55.000Z,APPLE.COM/BILL 6503 SYDNEY 406988071403,Apple,-19.99,EFTPOS,Electronic and appliance stores,Household
2026-07-06T06:09:00.000Z,STUDYLINK (MSD) LC PAYMENT REF:206593 SSV525150039,,333.48,CREDIT,,
2026-07-02T00:57:24.000Z,GOOGLE *505 Games Sp 6503 g.co/helppay 469216020316,,-9.02,EFTPOS,,
2026-07-01T17:43:45.000Z,Barfoot&thompson ltd Rent,,-265.0,STANDING ORDER,,
2026-06-29T15:30:59.000Z,TOTTUS KENNEDY II 6503 SANTIAGO 455771290528,,-14.55,EFTPOS,,
2026-06-29T15:29:46.000Z,TOTTUS KENNEDY II 6503 SANTIAGO 455771290528,,-3.92,EFTPOS,,
2026-06-29T06:07:39.000Z,STUDYLINK (MSD) LC PAYMENT REF:206556 SSV525150039,,333.48,CREDIT,,
2026-06-27T22:10:14.000Z,WOOLWORTHS NZ/SILVER 6503 SILVERDALE 408964281010,Woolworths,-10.7,EFTPOS,Supermarkets and grocery stores,Food
2026-06-26T09:43:47.000Z,Z Whangaparaoa 6503 Whangaparaoa 420549262143,Z Energy,-12.1,EFTPOS,Fuel stations,Transport
2026-06-25T10:01:03.000Z,STEAMGAMES.COM 42595 6503 912-1844160 479338261331,Steam,-21.99,EFTPOS,Digital gaming products and services,Lifestyle
2026-06-25T03:09:40.000Z,WOOLWORTHS NZ/76 QUA 6503 AUCKLAND CIT 408964251509,Woolworths,-18.98,EFTPOS,Supermarkets and grocery stores,Food
2026-06-25T02:57:54.000Z,Cotton On 9930 Queen 6503 Auckland 420549251457,Cotton On,-119.98,EFTPOS,Clothing stores,Appearance
2026-06-24T17:42:33.000Z,Barfoot&thompson ltd Rent,,-265.0,STANDING ORDER,,
2026-06-24T02:28:55.000Z,New World Orewa 6503 Orewa 420549241428,New World,-2.29,EFTPOS,Supermarkets and grocery stores,Food
2026-06-23T19:46:04.000Z,City Convenience Sto 6503 Auckland 420549240746,City Convenience Store,-3.26,EFTPOS,Convenience stores,Food
2026-06-22T06:07:45.000Z,STUDYLINK (MSD) LC PAYMENT REF:206519 SSV525150039,,333.48,CREDIT,,
2026-06-21T22:10:04.000Z,GREEN CROSS HEALTH L DIVIDEND 22/ NAGY AM 320529727,,25.59,DIRECT CREDIT,,
2026-06-20T07:17:43.000Z,WOOLWORTHS NZ/76 QUA 6503 AUCKLAND CIT 408964201917,Woolworths,-31.97,EFTPOS,Supermarkets and grocery stores,Food
2026-06-17T17:44:21.000Z,Barfoot&thompson ltd Rent,,-265.0,STANDING ORDER,,
2026-06-17T07:04:21.000Z,WOOLWORTHS NZ/76 QUA 6503 AUCKLAND CIT 408964171904,Woolworths,-18.67,EFTPOS,Supermarkets and grocery stores,Food
2026-06-15T06:07:37.000Z,STUDYLINK (MSD) LC PAYMENT REF:206482 SSV525150039,,333.48,CREDIT,,
2026-06-10T17:44:05.000Z,Barfoot&thompson ltd Rent,,-265.0,STANDING ORDER,,
2026-06-10T07:12:51.000Z,The New York Times 6503 800-6984637 479338100210,The New York Times,-3.53,EFTPOS,Entertainment (not elsewhere classified),Lifestyle
2026-06-10T05:09:35.000Z,Nagy Business Trust INTERNET XFR,,-9221.74,TRANSFER,,
2026-06-10T03:54:59.000Z,2DEGREES,2degrees,-70.0,DIRECT CREDIT,Telecommunication services,Utilities
2026-06-10T03:36:11.000Z,WOOLWORTHS NZ/76 QUA 6503 AUCKLAND CIT 408964101536,Woolworths,-144.74,EFTPOS,Supermarkets and grocery stores,Food
2026-06-10T02:02:38.000Z,I.R.D. 097-820-244 D1401773744# INC 31/03/2026,,9221.74,DIRECT CREDIT,,
2026-06-08T06:10:14.000Z,STUDYLINK (MSD) LC PAYMENT REF:206445 SSV525150039,,333.48,CREDIT,,
2026-06-07T03:45:24.000Z,EDEN NOODLES CITY 6503 AUCKLAND 434667070842,Eden Noodles,-41.5,EFTPOS,Cafes and restaurants,Lifestyle
2026-06-05T15:02:20.000Z,MCDONALDS BRITOMART 6503 AUCKLAND 455046061150,McDonald's,-10.4,EFTPOS,Fast food stores,Lifestyle
2026-06-05T09:16:14.000Z,IN& OUT SUPERMARKET 6503 AUCKLAND 451836052116,In & Out Supermarket,-8.18,EFTPOS,Supermarkets and grocery stores,Food
2026-06-05T07:35:18.000Z,Beach Rd Liqour 6503 Auckland 420549051935,Liquor Centre,-51.98,EFTPOS,Liquor stores,Lifestyle
2026-06-03T17:45:05.000Z,Barfoot&thompson ltd Rent,,-265.0,STANDING ORDER,,
2026-06-03T09:20:49.000Z,WOOLWORTHS NZ/76 QUA 6503 AUCKLAND CIT 408964032120,Woolworths,-35.39,EFTPOS,Supermarkets and grocery stores,Food
2026-06-03T02:15:31.000Z,ENERGYCO LIMITED Water,Energy Co,-128.78,DIRECT CREDIT,Electricity services,Utilities
2026-05-31T05:30:06.000Z,WOOLWORTHS NZ/76 QUA 6503 AUCKLAND CIT 408964311730,Woolworths,-59.68,EFTPOS,Supermarkets and grocery stores,Food
2026-05-31T04:23:00.000Z,DOMINO'S AUCKLAND CI 6503 AUCKLAND 455046311240,Domino's,-11.78,EFTPOS,Fast food stores,Lifestyle
2026-05-29T06:08:41.000Z,STUDYLINK (MSD) LC PAYMENT REF:206409 SSV525150039,,333.48,CREDIT,,
2026-05-27T17:43:28.000Z,Barfoot&thompson ltd Rent,,-265.0,STANDING ORDER,,
2026-05-26T06:19:25.000Z,Tania and Tibor INTERNET XFR,,80.0,TRANSFER,,
2026-05-26T04:34:56.000Z,MANLY PHARMACY MANLY WAGES UNICHEM,,438.71,DIRECT CREDIT,,
2026-05-26T04:05:58.000Z,U-GO Manly 6503 Manly 420549261607,U-GO,-80.0,EFTPOS,Fuel stations,Transport
2026-05-26T01:42:48.000Z,Manly Pricecutter 6503 Whangaparaoa 420549261342,Price Cutter,-10.48,EFTPOS,Convenience stores,Food
2026-05-25T23:59:55.000Z,Manly Pricecutter 6503 Whangaparaoa 420549261159,Price Cutter,-4.2,EFTPOS,Convenience stores,Food
2026-05-25T06:10:11.000Z,STUDYLINK (MSD) LC PAYMENT REF:206376 SSV525150039,,333.48,CREDIT,,
2026-05-24T03:40:54.000Z,Habitat Panmure 6503 Panmure 420549241540,Habitat for Humanity,-2.04,EFTPOS,Welfare and charity,Lifestyle
2026-05-23T06:31:06.000Z,WOOLWORTHS NZ/76 QUA 6503 AUCKLAND CIT 408964231831,Woolworths,-184.62,EFTPOS,Supermarkets and grocery stores,Food
2026-05-23T06:07:43.000Z,"CLARKE,DANIEL",,5.0,PAYMENT,,
2026-05-20T17:44:45.000Z,Barfoot&thompson ltd Rent,,-265.0,STANDING ORDER,,
2026-05-20T02:11:07.000Z,THE WAREHOUSE 221 AT 6503 AUCKLAND 434667201244,The Warehouse,-34.8,EFTPOS,General retail stores,Household
2026-05-20T02:04:40.000Z,PB TECHNOLOGIES AUCK 6503 AUCKLAND 492102201559,PB Tech,-18.37,EFTPOS,Electronic and appliance stores,Household
2026-05-18T23:42:47.000Z,Manly Pricecutter 6503 Whangaparaoa 420549191142,Price Cutter,-4.2,EFTPOS,Convenience stores,Food
2026-05-18T06:07:22.000Z,STUDYLINK (MSD) LC PAYMENT REF:206339 SSV525150039,,333.48,CREDIT,,
2026-05-16T14:23:51.000Z,SAPPHIRE NIGHTCLUB 6503 AUCKLAND 434667170650,Sapphire Nightclub,-5.11,EFTPOS,"Bars, pubs, nightclubs",Lifestyle
2026-05-16T11:03:55.000Z,Adam INTERNET XFR,,3099.0,TRANSFER,,
2026-05-16T11:03:55.000Z,Savings INTERNET XFR,,-3099.0,TRANSFER,,
2026-05-16T07:07:14.000Z,CLARKE D J M,,11.25,PAYMENT,,
2026-05-16T07:02:01.000Z,Oliver Godfrey Drink,,-38.0,PAYMENT,,
2026-05-16T06:58:09.000Z,BURGERFUEL ALBANY 6503 AUCKLAND 434667161523,Burger Fuel,-29.69,EFTPOS,Fast food stores,Lifestyle
2026-05-16T05:20:13.000Z,PAK N SAVE SILVERDAL 6503 SILVERDALE N 451836161720,PAK'nSAVE,-2.0,EFTPOS,Supermarkets and grocery stores,Food
2026-05-15T07:32:05.000Z,Crompton K I R,,66.71,DIRECT CREDIT,,
2026-05-15T06:53:02.000Z,THE WAREHOUSE STATIO 6503 AUCKLAND 434667151254,Warehouse Stationery,-17.0,EFTPOS,Stationery and office supplies,Household
2026-05-15T06:06:51.000Z,TRADEME MAF7 PING 6503 Wellington 454860151058,Trade Me,-99.0,EFTPOS,General retail stores,Household
2026-05-14T07:32:30.000Z,Danny,,-45.0,PAYMENT,,
2026-05-14T06:46:50.000Z,WOOLWORTHS NZ/76 QUA 6503 AUCKLAND CIT 408964141846,Woolworths,-58.19,EFTPOS,Supermarkets and grocery stores,Food
2026-05-14T06:31:40.000Z,BARBER SHOP ANZAC AV 6503 AUCKLAND 434667141625,Barber Shop,-83.39,EFTPOS,Haircuts and treatments,Appearance
2026-05-13T17:43:26.000Z,Barfoot&thompson ltd Rent,,-265.0,STANDING ORDER,,
2026-05-13T07:09:02.000Z,The New York Times 6503 800-6984637 479338130734,The New York Times,-3.45,EFTPOS,Entertainment (not elsewhere classified),Lifestyle
2026-05-13T03:22:59.000Z,THE WAREHOUSE 221 AT 6503 AUCKLAND 434667131014,The Warehouse,-79.99,EFTPOS,General retail stores,Household
2026-05-12T02:11:54.000Z,MANLY BAKERY 6503 WHANGAPARAOA 492102120328,Manly Bakery,-7.14,EFTPOS,Bakeries,Food
2026-05-11T23:42:56.000Z,Manly Pricecutter 6503 Whangaparaoa 420549121142,Price Cutter,-4.5,EFTPOS,Convenience stores,Food
2026-05-11T21:31:25.000Z,Manly Pricecutter 6503 Whangaparaoa 420549120931,Price Cutter,-6.5,EFTPOS,Convenience stores,Food
2026-05-11T06:11:01.000Z,STUDYLINK (MSD) LC PAYMENT REF:206302 SSV525150039,,333.48,CREDIT,,
2026-05-10T07:32:12.000Z,Crompton K I R,,34.5,DIRECT CREDIT,,
2026-05-10T07:01:16.000Z,TRADEME PJP0 PING 6503 Wellington 454860100652,Trade Me,-69.0,EFTPOS,General retail stores,Household
2026-05-09T23:51:24.000Z,WOOLWORTHS NZ/76 QUA 6503 AUCKLAND CIT 408964101151,Woolworths,-9.99,EFTPOS,Supermarkets and grocery stores,Food
2026-05-09T23:49:01.000Z,WOOLWORTHS NZ/76 QUA 6503 AUCKLAND CIT 408964101149,Woolworths,-2.1,EFTPOS,Supermarkets and grocery stores,Food
2026-05-09T23:33:39.000Z,JAPAN MART CITY CENT 6503 AUCKLAND 455046101038,Japan Mart,-23.2,EFTPOS,Supermarkets and grocery stores,Food
2026-05-09T23:17:02.000Z,SP COCOA WILDS 6503 AUCKLAND 448131091547,Cocoa Wilds Chocolate,-29.99,EFTPOS,"Ice cream, gelato, nut, and confectionary stores",Food
2026-05-09T23:05:07.000Z,Typo Queen Street 97 6503 Auckland 420549101105,TYPO,-11.99,EFTPOS,Clothing stores,Appearance
2026-05-08T02:32:18.000Z,STEAM PURCHASE 6503 SEATTLE 414361081317,Steam,-12.39,EFTPOS,Digital gaming products and services,Lifestyle
2026-05-07T12:27:37.000Z,CIRCLE K SYMONDS STR 6503 AUCKLAND 434667081058,Circle K,-8.78,EFTPOS,Convenience stores,Food
2026-05-07T12:21:19.000Z,CIRCLE K SYMONDS STR 6503 AUCKLAND 434667081057,Circle K,-10.49,EFTPOS,Convenience stores,Food
2026-05-06T17:52:55.000Z,Barfoot&thompson ltd Rent,,-265.0,STANDING ORDER,,
2026-05-05T05:35:52.000Z,MANLY PHARMACY MANLY WAGES UNICHEM,,234.56,DIRECT CREDIT,,
2026-05-04T08:14:20.000Z,TRADEME LCH1 PING 6503 Wellington 454860041058,Trade Me,-99.85,EFTPOS,General retail stores,Household
2026-05-04T06:08:37.000Z,STUDYLINK (MSD) LC PAYMENT REF:206265 SSV525150039,,333.48,CREDIT,,
2026-05-03T07:35:51.000Z,WOOLWORTHS NZ/76 QUA 6503 AUCKLAND CIT 408964031935,Woolworths,-125.15,EFTPOS,Supermarkets and grocery stores,Food
2026-05-01T09:33:42.000Z,DOMINO'S AUCKLAND CI 6503 AUCKLAND 455046011126,Domino's,-4.1,EFTPOS,Fast food stores,Lifestyle
2026-05-01T09:27:57.000Z,DOMINO'S AUCKLAND CI 6503 AUCKLAND 455046011126,Domino's,-7.68,EFTPOS,Fast food stores,Lifestyle
2026-04-29T17:52:52.000Z,Barfoot&thompson ltd Rent,,-265.0,STANDING ORDER,,
2026-04-29T14:03:56.000Z,AT PUBLIC TRANSPORT 6503 AUCKLAND 434667291128,Auckland Transport,-6.5,EFTPOS,Bus and shuttle transport services,Transport
2026-04-29T09:05:45.000Z,WOOLWORTHS NZ/76 QUA 6503 AUCKLAND CIT 408964292105,Woolworths,-40.15,EFTPOS,Supermarkets and grocery stores,Food
2026-04-29T05:43:47.000Z,2DEGREES 6503 AUCKLAND 434667291048,2degrees,-10.1,EFTPOS,Telecommunication services,Utilities
2026-04-28T04:44:31.000Z,MANLY PHARMACY MANLY WAGES UNICHEM,,220.35,DIRECT CREDIT,,
2026-04-28T02:13:33.000Z,MANLY BAKERY 6503 WHANGAPARAOA 492102281316,Manly Bakery,-6.94,EFTPOS,Bakeries,Food
2026-04-27T23:52:33.000Z,Manly Pricecutter 6503 Whangaparaoa 420549281152,Price Cutter,-11.0,EFTPOS,Convenience stores,Food
2026-04-27T14:00:35.000Z,AT PUBLIC TRANSPORT 6503 AUCKLAND 434667271314,Auckland Transport,-6.5,EFTPOS,Bus and shuttle transport services,Transport
2026-04-26T01:58:41.000Z,FERNZ ASB SGROUNDS 6503 AUCKLAND 455046261113,Fernz Catering,-12.5,EFTPOS,Caterers,Lifestyle
2026-04-26T00:15:01.000Z,DUDE DONUTS LIMITED 6503 AUCKLAND 451836261215,Donut Dudes Nz,-5.0,EFTPOS,Cafes and restaurants,Lifestyle
2026-04-25T23:34:18.000Z,Z Beach Road 6503 Parnell 420549261134,Z Energy,-8.4,EFTPOS,Fuel stations,Transport
2026-04-25T13:37:32.000Z,BAR101 6503 AUCKLAND 492102260729,Bar 101,-8.12,EFTPOS,"Bars, pubs, nightclubs",Lifestyle
2026-04-25T12:10:46.000Z,BAR101 6503 AUCKLAND 492102260729,Bar 101,-8.12,EFTPOS,"Bars, pubs, nightclubs",Lifestyle
2026-04-25T08:58:23.000Z,EDEN NOODLES CITY 6503 AUCKLAND 434667250924,Eden Noodles,-0.51,EFTPOS,Cafes and restaurants,Lifestyle
2026-04-24T06:10:24.000Z,STUDYLINK (MSD) LC PAYMENT REF:206229 SSV525150039,,333.48,CREDIT,,
2026-04-22T22:58:21.000Z,Oliver Godfrey,,-70.0,DIRECT CREDIT,,
2026-04-22T17:52:13.000Z,Barfoot&thompson ltd Rent,,-265.0,STANDING ORDER,,
2026-04-21T05:01:09.000Z,MANLY PHARMACY MANLY WAGES UNICHEM,,135.05,DIRECT CREDIT,,
2026-04-21T00:09:25.000Z,Manly Pricecutter 6503 Whangaparaoa 420549211209,Price Cutter,-4.5,EFTPOS,Convenience stores,Food
2026-04-20T06:08:15.000Z,STUDYLINK (MSD) LC PAYMENT REF:206196 SSV525150039,,333.48,CREDIT,,
2026-04-18T05:36:55.000Z,WOOLWORTHS NZ/76 QUA 6503 AUCKLAND CIT 408964181736,Woolworths,-84.9,EFTPOS,Supermarkets and grocery stores,Food
2026-04-17T23:43:12.000Z,The New York Times 6503 800-6984637 479338181703,The New York Times,-1.24,EFTPOS,Entertainment (not elsewhere classified),Lifestyle
2026-04-17T04:24:31.000Z,Oscar Adam Whiskey,,-50.0,PAYMENT,,
2026-04-17T04:19:25.000Z,Luca Thomas-Bloom,,-23.0,DIRECT CREDIT,,
2026-04-17T04:18:38.000Z,Oscar Adam Gas,,-40.67,PAYMENT,,
2026-04-17T03:43:33.000Z,WOOLWORTHS NZ/76 QUA 6503 AUCKLAND CIT 408964171543,Woolworths,-0.39,EFTPOS,Supermarkets and grocery stores,Food
2026-04-17T03:42:25.000Z,WOOLWORTHS NZ/76 QUA 6503 AUCKLAND CIT 408964171542,Woolworths,-76.55,EFTPOS,Supermarkets and grocery stores,Food
2026-04-16T02:41:05.000Z,TAHUNA SHOP 6503 MORRINSVILLE 492102161343,Tahuna Store,-6.0,EFTPOS,Convenience stores,Food
2026-04-15T17:50:38.000Z,Barfoot&thompson ltd Rent,,-265.0,STANDING ORDER,,
2026-04-14T22:02:18.000Z,WOOLWORTHS NZ/WHITAK 6503 TE AROHA 408964151002,Woolworths,-32.88,EFTPOS,Supermarkets and grocery stores,Food
2026-04-14T06:19:26.000Z,MCDONALDS DRURY MSA 6503 DRURY 455046141057,McDonald's,-14.5,EFTPOS,Fast food stores,Lifestyle
2026-04-14T04:39:14.000Z,WOOLWORTHS NZ/4-6 MO 6503 OREWA 408964141639,Woolworths,-6.2,EFTPOS,Supermarkets and grocery stores,Food
2026-04-14T02:44:21.000Z,MANLY PHARMACY MANLY WAGES UNICHEM,,577.87,DIRECT CREDIT,,
2026-04-14T00:41:21.000Z,Manly Pricecutter 6503 Whangaparaoa 420549141241,Price Cutter,-6.49,EFTPOS,Convenience stores,Food
2026-04-13T23:23:17.000Z,Manly Pricecutter 6503 Whangaparaoa 420549141123,Price Cutter,-7.99,EFTPOS,Convenience stores,Food
2026-04-13T06:08:46.000Z,STUDYLINK (MSD) LC PAYMENT REF:206159 SSV525150039,,333.48,CREDIT,,
2026-04-13T05:34:17.000Z,Tania and Tibor inc tax overpaid on wages,,304.94,TRANSFER,,
2026-04-12T05:09:48.000Z,THE WAREHOUSE 221 AT 6503 AUCKLAND 434667120758,The Warehouse,-13.0,EFTPOS,General retail stores,Household
2026-04-12T04:41:10.000Z,LOADED 6503 AUCKLAND 434667120753,Loaded,-129.99,EFTPOS,Clothing stores,Appearance
2026-04-12T03:47:00.000Z,SUBWAY BEACH ROAD 6503 AUCKLAND 434667120744,Subway,-4.5,EFTPOS,Fast food stores,Lifestyle
2026-04-10T11:08:46.000Z,BAR101 6503 AUCKLAND 492102100729,Bar 101,-8.12,EFTPOS,"Bars, pubs, nightclubs",Lifestyle
2026-04-10T06:36:31.000Z,Juewei 6503 Auckland 451836101836,Juewei Food,-30.75,EFTPOS,Convenience stores,Food
2026-04-09T14:03:36.000Z,AT PUBLIC TRANSPORT 6503 AUCKLAND 434667091103,Auckland Transport,-6.5,EFTPOS,Bus and shuttle transport services,Transport
2026-04-09T07:26:54.000Z,DEPARTMENT OF CONSER 6503 TE ARO 492102091443,Department of Conservation,-6.25,EFTPOS,National government services,Professional Services
2026-04-09T02:24:54.000Z,MANLY BAKERY 6503 WHANGAPARAOA 492102091307,Manly Bakery,-7.04,EFTPOS,Bakeries,Food
2026-04-09T00:11:43.000Z,Manly Pricecutter 6503 Whangaparaoa 420549091211,Price Cutter,-4.0,EFTPOS,Convenience stores,Food
2026-04-08T17:52:00.000Z,Barfoot&thompson ltd Rent,,-265.0,STANDING ORDER,,
2026-04-08T14:05:04.000Z,AT PUBLIC TRANSPORT 6503 AUCKLAND 434667081034,Auckland Transport,-3.0,EFTPOS,Bus and shuttle transport services,Transport
2026-04-08T02:23:38.000Z,MANLY BAKERY 6503 WHANGAPARAOA 492102081413,Manly Bakery,-6.83,EFTPOS,Bakeries,Food
2026-04-08T00:45:16.000Z,Manly Pricecutter 6503 Whangaparaoa 420549081245,Price Cutter,-4.0,EFTPOS,Convenience stores,Food
2026-04-07T14:05:52.000Z,AT PUBLIC TRANSPORT 6503 AUCKLAND 434667071342,Auckland Transport,-6.5,EFTPOS,Bus and shuttle transport services,Transport
2026-04-07T04:12:53.000Z,MANLY PHARMACY MANLY WAGES UNICHEM,,199.02,DIRECT CREDIT,,
2026-04-07T02:27:51.000Z,Manly Pricecutter 6503 Whangaparaoa 420549071427,Price Cutter,-7.49,EFTPOS,Convenience stores,Food
2026-04-07T00:39:49.000Z,Manly Pricecutter 6503 Whangaparaoa 420549071239,Price Cutter,-10.5,EFTPOS,Convenience stores,Food
2026-04-05T07:12:23.000Z,The New York Times 6503 800-6984637 479338050158,The New York Times,-3.6,EFTPOS,Entertainment (not elsewhere classified),Lifestyle
2026-04-05T04:59:05.000Z,"TEMU.COM 6503 AUCKLAND, 448131050742",Temu,-22.86,EFTPOS,General retail stores,Household
2026-04-04T15:12:23.000Z,BAR101 6503 AUCKLAND 492102050723,Bar 101,-8.12,EFTPOS,"Bars, pubs, nightclubs",Lifestyle
2026-04-02T09:47:20.000Z,MCDONALDS QUEEN ST 6503 AUCKLAND 455046021152,McDonald's,-2.0,EFTPOS,Fast food stores,Lifestyle
2026-04-02T09:06:21.000Z,BBQ CHICKEN 6503 AUCKLAND 492102021346,,-16.91,EFTPOS,,
2026-04-02T05:08:15.000Z,STUDYLINK (MSD) LC PAYMENT REF:206123 SSV525150039,,330.61,CREDIT,,
2026-04-01T16:51:27.000Z,Barfoot&thompson ltd Rent,,-265.0,STANDING ORDER,,
2026-04-01T01:24:29.000Z,WOOLWORTHS NZ/76 QUA 6503 AUCKLAND CIT 408964011424,Woolworths,-9.39,EFTPOS,Supermarkets and grocery stores,Food
2026-03-31T20:10:08.000Z,MERCURY NZ LIMITED DIVIDEND NZD NAGY AM 320529727,,77.43,DIRECT CREDIT,,
2026-03-31T02:34:12.000Z,MANLY PHARMACY MANLY WAGES UNICHEM,,213.43,DIRECT CREDIT,,
2026-03-30T21:32:43.000Z,Manly Pricecutter 6503 Whangaparaoa 420549311032,Price Cutter,-4.0,EFTPOS,Convenience stores,Food
2026-03-30T05:09:06.000Z,STUDYLINK (MSD) LC PAYMENT REF:206095 SSV525150039,,323.43,CREDIT,,
2026-03-27T23:07:24.000Z,WOOLWORTHS NZ/76 QUA 6503 AUCKLAND CIT 408964281207,Woolworths,-45.25,EFTPOS,Supermarkets and grocery stores,Food
2026-03-25T16:51:23.000Z,Barfoot&thompson ltd Rent,,-265.0,STANDING ORDER,,
2026-03-25T06:52:15.000Z,WOOLWORTHS NZ/76 QUA 6503 AUCKLAND CIT 408964251952,Woolworths,-102.23,EFTPOS,Supermarkets and grocery stores,Food
2026-03-24T09:23:50.000Z,2DEGREES 6503 AUCKLAND 434667241311,2degrees,-30.3,EFTPOS,Telecommunication services,Utilities
2026-03-24T02:44:32.000Z,MANLY PHARMACY MANLY WAGES UNICHEM,,199.2,DIRECT CREDIT,,
2026-03-23T05:08:48.000Z,STUDYLINK (MSD) LC PAYMENT REF:206058 SSV525150039,,323.43,CREDIT,,
2026-03-20T03:35:59.000Z,Tania and Tibor INTERNET XFR,,-8346.97,TRANSFER,,
2026-03-20T02:11:54.000Z,MANLY PHARMACY MANLY WAGES UNICHEM,,8346.97,DIRECT CREDIT,,
2026-03-19T07:39:56.000Z,WOOLWORTHS NZ/76 QUA 6503 AUCKLAND CIT 408964192039,Woolworths,-54.06,EFTPOS,Supermarkets and grocery stores,Food
2026-03-19T01:04:23.000Z,STEAMGAMES.COM 42595 6503 912-1844160 479338201745,Steam,-19.5,EFTPOS,Digital gaming products and services,Lifestyle
2026-03-18T16:49:34.000Z,Barfoot&thompson ltd Rent,,-265.0,STANDING ORDER,,
2026-03-17T02:59:25.000Z,MANLY PHARMACY MANLY WAGES UNICHEM,,227.66,DIRECT CREDIT,,
2026-03-16T21:32:09.000Z,Manly Pricecutter 6503 Whangaparaoa 420549171032,Price Cutter,-10.5,EFTPOS,Convenience stores,Food
2026-03-16T07:29:03.000Z,Pak N Save Royal Oak 6503 Royal Oak 420549162029,PAK'nSAVE,-15.87,EFTPOS,Supermarkets and grocery stores,Food
2026-03-16T05:09:28.000Z,STUDYLINK (MSD) LC PAYMENT REF:206021 SSV525150039,,323.43,CREDIT,,
2026-03-14T23:58:11.000Z,EDEN NOODLES CITY 6503 AUCKLAND 434667150816,Eden Noodles,-26.52,EFTPOS,Cafes and restaurants,Lifestyle
2026-03-14T06:17:59.000Z,THE WAREHOUSE 221 AT 6503 AUCKLAND 434667141341,The Warehouse,-10.0,EFTPOS,General retail stores,Household
2026-03-12T20:37:42.000Z,Barfoot&thompson ltd Rent,,-265.0,DIRECT CREDIT,,
2026-03-11T02:03:20.000Z,Tania and Tibor weekly 100 until 19 Apr INTERNET XFR,,1000.0,TRANSFER,,
2026-03-11T02:02:48.000Z,Tania and Tibor 3wks equivalent student loan,,970.29,TRANSFER,,
2026-03-10T05:57:09.000Z,The New York Times 6503 800-6984637 479338102115,The New York Times,-3.5,EFTPOS,Entertainment (not elsewhere classified),Lifestyle
2026-03-09T23:18:12.000Z,MANLY BAKERY 6503 WHANGAPARAOA 492102101555,Manly Bakery,-6.83,EFTPOS,Bakeries,Food
2026-03-09T23:16:45.000Z,Manly Pricecutter 6503 Whangaparaoa 420549101216,Price Cutter,-4.0,EFTPOS,Convenience stores,Food
2026-03-09T05:08:15.000Z,STUDYLINK (MSD) LC PAYMENT REF:205984 SSV525150039,,323.43,CREDIT,,
2026-03-09T04:26:32.000Z,Auckland Student Poo,,-5.0,DIRECT CREDIT,,
2026-03-08T22:57:53.000Z,Campus Books 6503 Albany 420549091157,Campus Books,-12.18,EFTPOS,Book stores,Education
2026-03-08T22:57:18.000Z,Campus Books 6503 Albany 420549091156,Campus Books,-95.41,EFTPOS,Book stores,Education
2026-03-08T09:51:56.000Z,Tania and Tibor Birthday Money INTERNET XFR,,200.0,TRANSFER,,
2026-03-07T22:04:36.000Z,Tania and Tibor bus INTERNET XFR,,15.0,TRANSFER,,
2026-03-07T10:55:36.000Z,BAR101 6503 AUCKLAND 492102070945,Bar 101,-5.08,EFTPOS,"Bars, pubs, nightclubs",Lifestyle
2026-03-06T08:16:38.000Z,WOOLWORTHS NZ/76 QUA 6503 AUCKLAND CIT 408964062116,Woolworths,-112.12,EFTPOS,Supermarkets and grocery stores,Food
2026-03-06T07:36:22.000Z,CHEERS LIQUOR 6503 AUCKLAND 492102060905,Cheers Liquor,-57.1,EFTPOS,Liquor stores,Lifestyle
2026-03-06T05:47:38.000Z,Crompton K I R,,5.0,DIRECT CREDIT,,
2026-03-05T23:21:47.000Z,Barfoot&thompson ltd Rent,,-265.0,DIRECT CREDIT,,
2026-03-05T05:31:31.000Z,WOOLWORTHS NZ/76 QUA 6503 AUCKLAND CIT 408964051831,Woolworths,-12.77,EFTPOS,Supermarkets and grocery stores,Food
2026-03-05T03:48:45.000Z,WOOLWORTHS NZ/76 QUA 6503 AUCKLAND CIT 408964051648,Woolworths,-13.28,EFTPOS,Supermarkets and grocery stores,Food
2026-03-05T03:34:01.000Z,THE WAREHOUSE 221 AT 6503 AUCKLAND 434667051405,The Warehouse,-20.0,EFTPOS,General retail stores,Household
2026-03-02T08:57:23.000Z,Crompton K I R,,35.0,DIRECT CREDIT,,
2026-03-01T04:03:41.000Z,STEAMGAMES.COM 42595 6503 912-1844160 479338021406,Steam,-28.99,EFTPOS,Digital gaming products and services,Lifestyle
2026-02-28T02:47:31.000Z,Pio Joaquin JUGO,,-13.0,DIRECT CREDIT,,
2026-02-27T10:17:38.000Z,Barfoot&thompson ltd Rent,,-265.0,DIRECT CREDIT,,
2026-02-26T22:01:57.000Z,Crompton K I R,,14.5,DIRECT CREDIT,,
2026-02-26T02:10:24.000Z,WOOLWORTHS NZ/76 QUA 6503 AUCKLAND CIT 408964261510,Woolworths,-29.9,EFTPOS,Supermarkets and grocery stores,Food
2026-02-25T08:02:32.000Z,Crompton K I R,,40.45,DIRECT CREDIT,,
2026-02-25T01:14:14.000Z,WOOLWORTHS NZ/26 CUS 6503 LWR ALBERT S 408964251414,Woolworths,-6.7,EFTPOS,Supermarkets and grocery stores,Food
2026-02-24T22:10:39.000Z,2DEGREES 6503 AUCKLAND 434667251329,2degrees,-87.97,EFTPOS,Telecommunication services,Utilities
2026-02-24T02:30:58.000Z,MANLY PHARMACY MANLY WAGES UNICHEM,,184.98,DIRECT CREDIT,,
2026-02-23T07:50:46.000Z,WOOLWORTHS NZ/76 QUA 6503 AUCKLAND CIT 408964232050,Woolworths,-33.98,EFTPOS,Supermarkets and grocery stores,Food
2026-02-22T23:13:45.000Z,AUCKLANDTRANSPORTPAR 6503 AUCKLAND 434667231435,Auckland Transport,-3.5,EFTPOS,Bus and shuttle transport services,Transport
2026-02-19T21:13:23.000Z,Manly Pricecutter 6503 Whangaparaoa 420549201013,Price Cutter,-4.0,EFTPOS,Convenience stores,Food
2026-02-18T07:29:15.000Z,WOOLWORTHS NZ/76 QUA 6503 AUCKLAND CIT 408964182029,Woolworths,-13.69,EFTPOS,Supermarkets and grocery stores,Food
2026-02-18T07:03:25.000Z,SP KOZYGLAM 6503 HEYLUNA.SHOP 401134182310,,-56.59,EFTPOS,,
2026-02-17T07:21:05.000Z,Jordan Urry,,-10.0,DIRECT CREDIT,,
2026-02-17T05:44:55.000Z,WOOLWORTHS NZ/76 QUA 6503 AUCKLAND CIT 408964171844,Woolworths,-209.9,EFTPOS,Supermarkets and grocery stores,Food
2026-02-17T02:42:48.000Z,NZ FRUIT N VEGE 6503 AUCKLAND 434667171201,Farmers Fresh Fruit N Vege Supermarket,-4.0,EFTPOS,Supermarkets and grocery stores,Food
2026-02-17T00:56:44.000Z,TRADEME W18F PING 6503 Wellington 454860171226,Trade Me,-58.0,EFTPOS,General retail stores,Household
2026-02-16T04:29:22.000Z,N AHMADIAN,,-50.0,DIRECT CREDIT,,
2026-02-15T06:19:40.000Z,WOOLWORTHS NZ/76 QUA 6503 AUCKLAND CIT 408964151919,Woolworths,-9.99,EFTPOS,Supermarkets and grocery stores,Food
2026-02-14T22:53:07.000Z,LOOK SHARP PENROSE 6503 AUCKLAND 434667150905,Look Sharp,-9.5,EFTPOS,Variety stores,Household
2026-02-14T05:14:54.000Z,WOOLWORTHS NZ/76 QUA 6503 AUCKLAND CIT 408964141814,Woolworths,-35.99,EFTPOS,Supermarkets and grocery stores,Food
2026-02-14T00:12:43.000Z,kaspian,,-101.9,PAYMENT,,
2026-02-13T05:06:10.000Z,DOMINO'S AUCKLAND CI 6503 AUCKLAND 455046131422,Domino's,-10.24,EFTPOS,Fast food stores,Lifestyle
2026-02-13T05:00:50.000Z,LOOK SHARP PENROSE 6503 AUCKLAND 434667131241,Look Sharp,-16.5,EFTPOS,Variety stores,Household
2026-02-13T02:51:06.000Z,Pak N Save Royal Oak 6503 Royal Oak 420549131551,PAK'nSAVE,-5.39,EFTPOS,Supermarkets and grocery stores,Food
2026-02-12T09:58:37.000Z,Tania and Tibor rego plus full lic test,,170.0,TRANSFER,,
2026-02-12T01:23:02.000Z,VTNZ 6503 SILVERDALE 492102121329,VTNZ,-69.88,EFTPOS,Transport services (not elsewhere classified),Transport
2026-02-08T06:04:52.000Z,Gong Cha Melb Centra 6503 Melbourne 424923081704,Gong Cha,-10.12,EFTPOS,Fast food stores,Lifestyle
2026-02-07T10:46:21.000Z,WW METRO/245 CITY RO 6503 SOUTHBANK 427824072146,,-4.17,EFTPOS,,
2026-02-05T10:34:31.000Z,kaspian Kas Bond/rent,,-1650.0,PAYMENT,,
2026-02-03T04:36:12.000Z,MANLY PHARMACY MANLY WAGES UNICHEM,,597.16,DIRECT CREDIT,,
2026-02-01T10:37:50.000Z,STEAM PURCHASE 6503 SEATTLE 414361011926,Steam,-2.38,EFTPOS,Digital gaming products and services,Lifestyle
2026-02-01T09:03:28.000Z,STEAM PURCHASE 6503 SEATTLE 414361011926,Steam,-11.99,EFTPOS,Digital gaming products and services,Lifestyle
2026-01-31T06:02:50.000Z,Sunny Roast 6503 Whangaparaoa 451836311902,Sunny Roast,-6.43,EFTPOS,Fast food stores,Lifestyle
2026-01-30T00:57:26.000Z,MANLY BAKERY 6503 WHANGAPARAOA 492102301249,Manly Bakery,-7.04,EFTPOS,Bakeries,Food
2026-01-29T22:33:17.000Z,Fleury Thompson,,40.0,DIRECT CREDIT,,
2026-01-29T03:36:10.000Z,MANLY PRICE CUTTER 6503 WHANGAPARAOA 492102291355,Price Cutter,-10.49,EFTPOS,Convenience stores,Food
2026-01-28T09:19:47.000Z,O P GODFREY,,40.0,PAYMENT,,
2026-01-28T08:58:33.000Z,MR J F HAMILTON shshshshs shshsh shshajs,,20.0,DIRECT CREDIT,,
2026-01-27T05:05:26.000Z,MANLY PHARMACY MANLY WAGES UNICHEM,,747.75,DIRECT CREDIT,,
2026-01-26T23:24:22.000Z,NZAA OREWA 6503 OREWA 492102271507,AA New Zealand,-98.9,EFTPOS,Transport services (not elsewhere classified),Transport
2026-01-26T22:24:33.000Z,Z Whangaparaoa 6503 Whangaparaoa 420549271124,Z Energy,-95.17,EFTPOS,Fuel stations,Transport
2026-01-23T01:14:24.000Z,MANLY BAKERY 6503 WHANGAPARAOA 492102231555,Manly Bakery,-6.83,EFTPOS,Bakeries,Food
2026-01-22T23:08:32.000Z,MANLY PRICE CUTTER 6503 WHANGAPARAOA 492102231522,Price Cutter,-4.0,EFTPOS,Convenience stores,Food
2026-01-22T03:04:51.000Z,UniversityOfAuckland 105039DpsA2A D1041800 1743891,The University Of Auckland,-1093.65,DIRECT CREDIT,"Universities, professional schools, and other tertiary education",Education
2026-01-22T01:45:37.000Z,WOOLWORTHS NZ/26 CUS 6503 LWR ALBERT S 408964221445,Woolworths,-2.2,EFTPOS,Supermarkets and grocery stores,Food
2026-01-22T00:27:38.000Z,EDEN NOODLES CITY 6503 AUCKLAND 434667221518,Eden Noodles,-13.26,EFTPOS,Cafes and restaurants,Lifestyle
2026-01-21T02:43:40.000Z,MANLY PRICE CUTTER 6503 WHANGAPARAOA 492102211244,Price Cutter,-6.5,EFTPOS,Convenience stores,Food
2026-01-21T00:37:16.000Z,MANLY BAKERY 6503 WHANGAPARAOA 492102211304,Manly Bakery,-7.04,EFTPOS,Bakeries,Food
2026-01-20T07:59:04.000Z,New World Orewa 6503 Orewa 420549202059,New World,-12.17,EFTPOS,Supermarkets and grocery stores,Food
2026-01-20T07:34:22.000Z,Crompton K I R,,40.0,DIRECT CREDIT,,
2026-01-20T07:26:20.000Z,New World Orewa 6503 Orewa 420549202026,New World,-5.88,EFTPOS,Supermarkets and grocery stores,Food
2026-01-20T03:52:49.000Z,MANLY PHARMACY MANLY WAGES UNICHEM,,142.29,DIRECT CREDIT,,
2026-01-19T00:54:54.000Z,MANLY BAKERY 6503 WHANGAPARAOA 492102191415,Manly Bakery,-6.83,EFTPOS,Bakeries,Food
2026-01-18T23:08:35.000Z,MANLY PRICE CUTTER 6503 WHANGAPARAOA 492102191350,Price Cutter,-4.0,EFTPOS,Convenience stores,Food
2026-01-18T09:26:40.000Z,NZ TRANSPORT AGENCY- 6503 PALMERSTON N 455046181534,NZTA,-80.0,EFTPOS,Transport services (not elsewhere classified),Transport
2026-01-17T10:29:59.000Z,BP CONNECT DAIRY FLA 6503 AUCKLAND 492102171012,BP,-29.42,EFTPOS,Fuel stations,Transport
2026-01-17T02:25:44.000Z,NEW WORLD WHANGAPARA 6503 WHANGAPARAOA 451836171525,New World,-4.59,EFTPOS,Supermarkets and grocery stores,Food
2026-01-17T00:07:36.000Z,WOOLWORTHS NZ/26 CUS 6503 LWR ALBERT S 408964171307,Woolworths,-2.2,EFTPOS,Supermarkets and grocery stores,Food
2026-01-16T22:43:35.000Z,TB SHORTLAND ST - 10 6503 AUCKLAND 455046171244,Shortland St. Cafe,-5.99,EFTPOS,Cafes and restaurants,Lifestyle
2026-01-16T22:35:07.000Z,UNITY BOOKS HIGH ST 6503 AUCKLAND 455046171402,Unity Books,-68.0,EFTPOS,Book stores,Education
2026-01-16T21:58:11.000Z,Cotton On 9930 Queen 6503 Auckland 420549171058,Cotton On,-60.19,EFTPOS,Clothing stores,Appearance
2026-01-16T00:20:54.000Z,MANLY PRICE CUTTER 6503 WHANGAPARAOA 492102161351,Price Cutter,-6.5,EFTPOS,Convenience stores,Food
2026-01-15T23:55:45.000Z,MANLY BAKERY 6503 WHANGAPARAOA 492102161443,Manly Bakery,-6.83,EFTPOS,Bakeries,Food
2026-01-13T22:25:10.000Z,Tania and Tibor english course fee INTERNET XFR,,1093.65,TRANSFER,,
2026-01-12T22:45:20.000Z,MCDONALDS QUEEN ST 6503 AUCKLAND 455046131432,McDonald's,-3.0,EFTPOS,Fast food stores,Lifestyle
2026-01-10T23:38:46.000Z,WOOLWORTHS NZ/26 CUS 6503 LWR ALBERT S 408964111238,Woolworths,-2.2,EFTPOS,Supermarkets and grocery stores,Food
2026-01-10T22:20:27.000Z,MCDONALDS BRITOMART 6503 AUCKLAND 455046111545,McDonald's,-13.0,EFTPOS,Fast food stores,Lifestyle
2026-01-10T03:54:46.000Z,SILVERDALE CLINIC PH 6503 AUCKLAND 455046101221,Unichem,-30.44,EFTPOS,Pharmacies,Health
2026-01-10T03:48:48.000Z,SILVERDALE CLINIC PH 6503 AUCKLAND 455046101221,Unichem,-25.36,EFTPOS,Pharmacies,Health
2026-01-10T01:23:01.000Z,Silverdale Medical 6503 Silverdale 420549101422,Silverdale Medical,-210.0,EFTPOS,Doctors and physicians,Health
2026-01-10T01:02:08.000Z,Z Whangaparoa 6503 Whangaparoa 420549101402,Z Energy,-87.11,EFTPOS,Fuel stations,Transport
2026-01-06T02:22:07.000Z,ST PIERRE'S WELLSFOR 6503 WELLSFORD 492102061520,St Pierre's Sushi,-11.99,EFTPOS,Fast food stores,Lifestyle
2026-01-05T23:48:51.000Z,MANLY PHARMACY MANLY WAGES UNICHEM,,78.26,DIRECT CREDIT,,
2025-12-31T17:27:02.000Z,Jayda STONEHAM,,-27.0,DIRECT CREDIT,,
2025-12-31T16:49:42.000Z,MCDONALD'S SILVERDAL 6503 SILVERDALE 455046011607,McDonald's,-3.5,EFTPOS,Fast food stores,Lifestyle
2025-12-31T13:25:28.000Z,BAR101 6503 AUCKLAND 492102011101,Bar 101,-8.12,EFTPOS,"Bars, pubs, nightclubs",Lifestyle
2025-12-31T11:54:02.000Z,BAR101 6503 AUCKLAND 492102011101,Bar 101,-8.12,EFTPOS,"Bars, pubs, nightclubs",Lifestyle
2025-12-31T11:48:38.000Z,BAR101 6503 AUCKLAND 492102011101,Bar 101,-20.3,EFTPOS,"Bars, pubs, nightclubs",Lifestyle
2025-12-31T09:14:30.000Z,CIRCLE K KARANGAHAPE 6503 AUCKLAND 434667311051,Circle K,-4.57,EFTPOS,Convenience stores,Food
2025-12-31T08:15:16.000Z,FATHER TED IRISH BAR 6503 AUCKLAND 451836312115,Father Ted's Irish Bar,-30.6,EFTPOS,"Bars, pubs, nightclubs",Lifestyle
2025-12-31T06:47:00.000Z,MCDONALDS BRITOMART 6503 AUCKLAND 455046311246,McDonald's,-14.5,EFTPOS,Fast food stores,Lifestyle
2025-12-30T02:14:17.000Z,MANLY PRICE CUTTER 6503 WHANGAPARAOA 492102301626,Price Cutter,-6.5,EFTPOS,Convenience stores,Food
2025-12-28T04:34:24.000Z,Tania and Tibor INTERNET XFR,,646.0,TRANSFER,,
2025-12-27T09:25:32.000Z,STEAMGAMES.COM 42595 6503 912-1844160 479338281027,Steam,-4.42,EFTPOS,Digital gaming products and services,Lifestyle
2025-12-27T01:24:34.000Z,STEAM PURCHASE 6503 SEATTLE 414361271850,Steam,-12.94,EFTPOS,Digital gaming products and services,Lifestyle
2025-12-26T13:37:51.000Z,QP *Northern Rocks 6503 Wairau Valle 434417261733,,-48.67,EFTPOS,,
2025-12-23T03:13:46.000Z,MANLY PHARMACY MANLY WAGES UNICHEM,,701.92,DIRECT CREDIT,,
2025-12-22T05:34:18.000Z,STEAMGAMES.COM 42595 6503 912-1844160 479338232245,Steam,-10.22,EFTPOS,Digital gaming products and services,Lifestyle
2025-12-21T23:21:41.000Z,WOOLWORTHS NZ/26 CUS 6503 LWR ALBERT S 408964221221,Woolworths,-2.2,EFTPOS,Supermarkets and grocery stores,Food
2025-12-20T10:59:58.000Z,MCDONALDS ALBANY FRE 6503 ALBANY 455046181510,,1.8,EFTPOS,,
2025-12-19T10:55:12.000Z,BAR101 6503 AUCKLAND 492102190907,Bar 101,-8.12,EFTPOS,"Bars, pubs, nightclubs",Lifestyle
2025-12-19T07:29:37.000Z,MULDOONS 6503 AUCKLAND 492102190933,Muldoon's Irish Bar,-11.0,EFTPOS,"Bars, pubs, nightclubs",Lifestyle
2025-12-19T06:58:40.000Z,LIQUORLAND WHANGAPAR 6503 WHANGAPAROA 420549191958,Liquorland,-25.98,EFTPOS,Liquor stores,Lifestyle
2025-12-19T00:27:51.000Z,MANLY BAKERY 6503 WHANGAPARAOA 492102191646,Manly Bakery,-6.83,EFTPOS,Bakeries,Food
2025-12-18T21:58:09.000Z,MANLY PRICE CUTTER 6503 WHANGAPARAOA 492102191607,Price Cutter,-4.0,EFTPOS,Convenience stores,Food
2025-12-18T09:59:26.000Z,MCDONALDS ALBANY FRE 6503 ALBANY 455046181510,McDonald's,-17.0,EFTPOS,Fast food stores,Lifestyle
2025-12-18T08:16:39.000Z,POP INN DAIRY 6503 AUCKLAND 451836182116,Pop Inn Dairy,-2.57,EFTPOS,Convenience stores,Food
2025-12-17T22:25:06.000Z,MANLY PRICE CUTTER 6503 WHANGAPARAOA 492102181843,Price Cutter,-7.5,EFTPOS,Convenience stores,Food
2025-12-17T21:10:57.000Z,GREEN CROSS HEALTH L DIVIDEND 18/ NAGY AM 320529727,,13.96,DIRECT CREDIT,,
2025-12-17T03:54:31.000Z,NEW WORLD ALBANY 6503 AUCKLAND 451836171654,New World,-3.19,EFTPOS,Supermarkets and grocery stores,Food
2025-12-17T02:44:39.000Z,WOOLWORTHS NZ/26 CUS 6503 LWR ALBERT S 408964171544,Woolworths,-2.2,EFTPOS,Supermarkets and grocery stores,Food
2025-12-17T02:19:45.000Z,UNITY BOOKS HIGH ST 6503 AUCKLAND 455046171827,Unity Books,-75.0,EFTPOS,Book stores,Education
2025-12-17T00:58:59.000Z,HALLENSTEINS QUEEN S 6503 AUCKLAND CEN 492102171617,Hallenstein Brothers,-69.99,EFTPOS,Clothing stores,Appearance
2025-12-16T00:40:30.000Z,MANLY PHARMACY MANLY WAGES UNICHEM,,269.8,DIRECT CREDIT,,
2025-12-15T06:25:43.000Z,www.aliexpress.com 6503 WWW.ALIEXPRE 404522152223,AliExpress,-22.21,EFTPOS,General retail stores,Household
2025-12-15T02:52:22.000Z,MANLY PRICE CUTTER 6503 WHANGAPARAOA 492102151659,Price Cutter,-4.0,EFTPOS,Convenience stores,Food
2025-12-14T05:32:22.000Z,Karl Fleet,,-12.0,DIRECT CREDIT,,
2025-12-12T13:08:12.000Z,QP *Northern Rocks 6503 Wairau Valle 434417121835,,-49.11,EFTPOS,,
2025-12-12T11:18:12.000Z,STEAMGAMES.COM 42595 6503 912-1844160 479338131306,Steam,-4.39,EFTPOS,Digital gaming products and services,Lifestyle
2025-12-11T23:59:22.000Z,MANLY BAKERY 6503 WHANGAPARAOA 492102121704,Manly Bakery,-6.83,EFTPOS,Bakeries,Food
2025-12-09T21:59:39.000Z,MCDONALD'S OREWA 6503 OREWA 455046101712,McDonald's,-5.8,EFTPOS,Fast food stores,Lifestyle
2025-12-09T05:23:13.000Z,WOOLWORTHS NZ/WHANGA 6503 WHANGAPARAOA 408964091823,Woolworths,-25.59,EFTPOS,Supermarkets and grocery stores,Food
2025-12-09T04:07:38.000Z,Z Whangaparoa 6503 Whangaparoa 420549091707,Z Energy,-100.35,EFTPOS,Fuel stations,Transport
2025-12-09T03:20:47.000Z,MANLY PHARMACY MANLY WAGES UNICHEM,,354.91,DIRECT CREDIT,,
2025-12-09T02:51:35.000Z,MANLY PRICE CUTTER 6503 WHANGAPARAOA 492102091437,Price Cutter,-4.0,EFTPOS,Convenience stores,Food
2025-12-08T02:45:44.000Z,OSSEWA HOUSE OF BILT 6503 TUAKAU 492102081435,"Ossewa House Of Biltong, Boerewors & BBQ",-21.21,EFTPOS,Supermarkets and grocery stores,Food
2025-12-08T00:40:43.000Z,SUSHI GALLERY MALL 6503 ROTORUA 455046081614,Sushi Gallery,-20.4,EFTPOS,Cafes and restaurants,Lifestyle
2025-12-02T04:31:24.000Z,MANLY PHARMACY MANLY WAGES UNICHEM,,35.58,DIRECT CREDIT,,
2025-12-02T03:30:00.000Z,MANLY PRICE CUTTER 6503 WHANGAPARAOA 492102021625,Price Cutter,-6.5,EFTPOS,Convenience stores,Food
2025-12-02T00:14:55.000Z,MANLY PRICE CUTTER 6503 WHANGAPARAOA 492102021438,Price Cutter,-4.0,EFTPOS,Convenience stores,Food
2025-12-01T03:39:22.000Z,NEW WORLD WHANGAPARA 6503 WHANGAPARAOA 451836011639,New World,-48.69,EFTPOS,Supermarkets and grocery stores,Food
2025-11-30T01:12:24.000Z,Crompton K I R,,10.0,DIRECT CREDIT,,
2025-11-29T08:33:37.000Z,WITHDRAWAL 555583716503 Mr Wang' Bar 1212292132,,-23.0,ATM,,
2025-11-29T07:54:20.000Z,YOKOSO SUSHI 6503 AUCKLAND 492102291015,Yokoso Sushi,-5.67,EFTPOS,Fast food stores,Lifestyle
2025-11-29T05:03:03.000Z,MCDONALDS WAIRAU ROA 6503 AUCKLAND 455046291251,McDonald's,-1.0,EFTPOS,Fast food stores,Lifestyle
2025-11-29T05:01:18.000Z,MCDONALDS WAIRAU ROA 6503 AUCKLAND 455046291251,McDonald's,-15.5,EFTPOS,Fast food stores,Lifestyle
2025-11-29T04:56:55.000Z,MCDONALDS WAIRAU ROA 6503 AUCKLAND 455046291251,McDonald's,-4.0,EFTPOS,Fast food stores,Lifestyle
2025-11-29T03:55:05.000Z,NORTHERN ROCKS 6503 AUCKLAND 451836291655,Northern Rocks,-6.09,EFTPOS,Sports and athletic clubs,Health
2025-11-29T03:53:17.000Z,QP *Northern Rocks 6503 WWW.QUICKPAY 434417291543,,-51.04,EFTPOS,,
2025-11-29T02:23:45.000Z,NORTH SHORE HUNTING 6503 AUCKLAND 451836291523,Hunting & Fishing,-257.94,EFTPOS,Sports equipment and supplies,Lifestyle
2025-11-28T00:30:17.000Z,MANLY BAKERY 6503 WHANGAPARAOA 492102281536,Manly Bakery,-6.83,EFTPOS,Bakeries,Food
2025-11-27T07:20:48.000Z,JACK HAMILTON,,-6.0,DIRECT CREDIT,,
2025-11-25T03:03:54.000Z,MANLY PHARMACY MANLY WAGES UNICHEM,,241.89,DIRECT CREDIT,,
2025-11-23T05:37:35.000Z,WOOLWORTHS NZ/4-6 MO 6503 OREWA 408964231837,Woolworths,-5.6,EFTPOS,Supermarkets and grocery stores,Food
2025-11-23T01:14:49.000Z,LIQUORLAND OREWA 6503 OREWA 455046231329,Liquorland,-3.99,EFTPOS,Liquor stores,Lifestyle
2025-11-23T01:01:36.000Z,New World Orewa 6503 Orewa 420549231401,New World,-8.38,EFTPOS,Supermarkets and grocery stores,Food
2025-11-17T03:12:53.000Z,W&K MEN'S HAIRDRESSI 6503 AUCKLAND 451836171612,W&k Men's Hairdressers,-40.0,EFTPOS,Haircuts and treatments,Appearance
2025-11-16T13:02:29.000Z,AT PUBLIC TRANSPORT 6503 AUCKLAND 434667161245,Auckland Transport,-12.5,EFTPOS,Bus and shuttle transport services,Transport
2025-11-14T01:15:51.000Z,LOOK SHARP PENROSE 6503 AUCKLAND 434667141353,Look Sharp,-3.29,EFTPOS,Variety stores,Household
2025-11-13T23:36:32.000Z,ST PIERRE'S ELLIOT S 6503 AUCKLAND 492102141456,St Pierre's Sushi,-11.99,EFTPOS,Fast food stores,Lifestyle
2025-11-13T03:10:59.000Z,WOOLWORTHS NZ/76 QUA 6503 AUCKLAND CIT 408964131610,Woolworths,-16.66,EFTPOS,Supermarkets and grocery stores,Food
2025-11-13T02:42:55.000Z,Francesca,,-45.0,DIRECT CREDIT,,
2025-11-11T02:37:53.000Z,MCDONALDS MATAMATA 6503 MATAMATA 455046111728,McDonald's,-1.5,EFTPOS,Fast food stores,Lifestyle
2025-11-10T01:29:38.000Z,WOOLWORTHS NZ/ARAWA 6503 MATAMATA 408964101429,Woolworths,-5.81,EFTPOS,Supermarkets and grocery stores,Food
2025-11-09T22:15:13.000Z,BAKEHOUSE TE AROHA 6503 TE AROHA 492102101501,Te Aroha Bakehouse,-6.15,EFTPOS,Bakeries,Food
2025-11-09T04:29:13.000Z,KFC BOMBAY - 620 6503 AUCKLAND 455046091253,KFC,-9.99,EFTPOS,Fast food stores,Lifestyle
2025-11-06T23:16:05.000Z,WOOLWORTHS NZ/76 QUA 6503 AUCKLAND CIT 408964071216,Woolworths,-17.19,EFTPOS,Supermarkets and grocery stores,Food
2025-11-06T23:06:21.000Z,JB HI-FI - QUEEN STR 6503 AUCKLAND 492102071653,JB Hi-Fi,-69.6,EFTPOS,Electronic and appliance stores,Household
2025-11-06T04:29:42.000Z,STEAMGAMES.COM 42595 6503 912-1844160 479338072133,Steam,-69.9,EFTPOS,Digital gaming products and services,Lifestyle
2025-10-31T04:03:51.000Z,WOOLWORTHS NZ/76 QUA 6503 AUCKLAND CIT 408964311703,Woolworths,-6.5,EFTPOS,Supermarkets and grocery stores,Food
2025-10-25T08:33:17.000Z,WOOLWORTHS NZ/76 QUA 6503 AUCKLAND CIT 408964252133,Woolworths,-6.85,EFTPOS,Supermarkets and grocery stores,Food
2025-10-25T08:19:44.000Z,DOMINO'S AUCKLAND CI 6503 AUCKLAND 455046251131,Domino's,-7.16,EFTPOS,Fast food stores,Lifestyle
2025-10-21T01:58:20.000Z,WOOLWORTHS NZ/19-25 6503 AUCKLANDMETR 408964211458,Woolworths,-9.0,EFTPOS,Supermarkets and grocery stores,Food
2025-10-18T04:47:35.000Z,ZAM ZAM TRADING LTD 6503 AUCKLAND 451836181747,Zam Zam Indian Restaurant,-11.12,EFTPOS,Cafes and restaurants,Lifestyle
2025-10-18T02:45:29.000Z,Bottles and Booze 6503 Auckland 420549181545,,-70.0,EFTPOS,,
2025-10-15T06:31:29.000Z,WOOLWORTHS NZ/76 QUA 6503 AUCKLAND CIT 408964151931,Woolworths,-8.7,EFTPOS,Supermarkets and grocery stores,Food
2025-10-11T04:09:46.000Z,WOOLWORTHS NZ/76 QUA 6503 AUCKLAND CIT 408964111709,Woolworths,-13.3,EFTPOS,Supermarkets and grocery stores,Food
2025-10-09T10:25:08.000Z,D & N MART 6503 AUCKLAND 451836092325,D&n Mart,-4.12,EFTPOS,Convenience stores,Food
2025-10-06T10:37:26.000Z,STEAMGAMES.COM 42595 6503 912-1844160 479338071232,Steam,-18.69,EFTPOS,Digital gaming products and services,Lifestyle
2025-10-05T09:55:28.000Z,Kevin Ly,,-12.0,DIRECT CREDIT,,
2025-10-05T06:54:53.000Z,WOOLWORTHS NZ/76 QUA 6503 AUCKLAND CIT 408964051954,Woolworths,-23.99,EFTPOS,Supermarkets and grocery stores,Food
2025-10-03T12:38:36.000Z,PIZZA HUT SYMONDS ST 6503 AUCKLAND 492102041050,Pizza Hut,-4.99,EFTPOS,Fast food stores,Lifestyle
2025-10-02T02:57:46.000Z,WOOLWORTHS NZ/76 QUA 6503 AUCKLAND CIT 408964021557,Woolworths,-16.19,EFTPOS,Supermarkets and grocery stores,Food
2025-09-29T21:11:52.000Z,MERCURY NZ LIMITED DIVIDEND NZD NAGY AM 320529727,,111.49,DIRECT CREDIT,,
2025-09-28T10:43:44.000Z,Kevin Ly,,-8.5,DIRECT CREDIT,,
2025-09-26T02:14:08.000Z,STEAMGAMES.COM 42595 6503 912-1844160 479338271855,Steam,-9.99,EFTPOS,Digital gaming products and services,Lifestyle
2025-09-23T05:10:21.000Z,MANLY PHARMACY MANLY WAGES UNICHEM,,138.73,DIRECT CREDIT,,
2025-09-22T22:28:44.000Z,NEW WORLD OREWA 6503 OREWA 451836231028,New World,-11.48,EFTPOS,Supermarkets and grocery stores,Food
2025-09-20T02:27:47.000Z,MCDONALDS QUEEN ST 6503 AUCKLAND 455046201013,McDonald's,-2.2,EFTPOS,Fast food stores,Lifestyle
2025-09-20T02:12:19.000Z,SMOOVE 6503 AUCKLAND 451836201412,,-35.7,EFTPOS,,
2025-09-19T03:01:14.000Z,WUCHA LORNE STREET 6503 AUCKLAND 434667191549,WuCha,-9.73,EFTPOS,Cafes and restaurants,Lifestyle
2025-09-16T04:22:28.000Z,MANLY PHARMACY MANLY WAGES UNICHEM,,277.44,DIRECT CREDIT,,
2025-09-15T14:34:01.000Z,88 CONVENIENCE STORE 6503 AUCKLAND 451836160234,88 Convenience Store,-23.55,EFTPOS,Convenience stores,Food
2025-09-15T08:08:34.000Z,DOMINO'S AUCKLAND CI 6503 AUCKLAND 455046151430,Domino's,-7.16,EFTPOS,Fast food stores,Lifestyle
2025-09-14T05:02:23.000Z,WOOLWORTHS NZ/76 QUA 6503 AUCKLAND CIT 408964141702,Woolworths,-39.97,EFTPOS,Supermarkets and grocery stores,Food
2025-09-14T04:49:44.000Z,THE WAREHOUSE 221 AT 6503 AUCKLAND 434667140650,The Warehouse,-4.99,EFTPOS,General retail stores,Household
2025-09-12T03:09:12.000Z,UOA CANOE CLUB 6503 AUCKLAND 448131121409,,-15.0,EFTPOS,,
2025-09-10T08:48:57.000Z,SUBWAY SYMONDS STREE 6503 AUCKLAND 434667101131,Subway,-17.9,EFTPOS,Fast food stores,Lifestyle
2025-09-09T11:59:58.000Z,TRADEME 3GQ3 PING 6503 Wellington 454860081058,,120.0,EFTPOS,,
2025-09-09T04:37:55.000Z,MANLY PHARMACY MANLY WAGES UNICHEM,,234.06,DIRECT CREDIT,,
2025-09-07T00:06:26.000Z,JB HI-FI - QUEEN STR 6503 AUCKLAND 492102070923,JB Hi-Fi,-69.99,EFTPOS,Electronic and appliance stores,Household
2025-09-07T00:02:23.000Z,Typo Queen Street 97 6503 Auckland 420549071202,TYPO,-11.99,EFTPOS,Clothing stores,Appearance
2025-09-05T09:31:56.000Z,WOOLWORTHS NZ/76 QUA 6503 AUCKLAND CIT 408964052131,Woolworths,-4.29,EFTPOS,Supermarkets and grocery stores,Food
2025-09-05T08:01:58.000Z,MASTER PIG CBD 6503 AUCKLAND 434667051459,Master Pig Pork Rice Mt Eden,-14.3,EFTPOS,Cafes and restaurants,Lifestyle
2025-09-04T23:37:40.000Z,STEAM PURCHASE 6503 SEATTLE 414361051334,Steam,-28.99,EFTPOS,Digital gaming products and services,Lifestyle
2025-09-04T14:12:20.000Z,AT PUBLIC TRANSPORT 6503 AUCKLAND 434667041451,Auckland Transport,-6.25,EFTPOS,Bus and shuttle transport services,Transport
2025-09-04T09:55:16.000Z,WOOLWORTHS NZ/76 QUA 6503 AUCKLAND CIT 408964042155,Woolworths,-11.07,EFTPOS,Supermarkets and grocery stores,Food
2025-09-04T02:47:50.000Z,MANLY PRICE CUTTER 6503 WHANGAPARAOA 492102041501,Price Cutter,-4.5,EFTPOS,Convenience stores,Food
2025-09-01T09:29:44.000Z,WOOLWORTHS NZ/76 QUA 6503 AUCKLAND CIT 408964012129,Woolworths,-48.48,EFTPOS,Supermarkets and grocery stores,Food
2025-08-31T06:06:06.000Z,Tania and Tibor INTERNET XFR,,120.0,TRANSFER,,
2025-08-31T06:06:00.000Z,TRADEME 3GQ3 PING 6503 Wellington 454860310719,Trade Me,-120.0,EFTPOS,General retail stores,Household
2025-08-29T02:21:30.000Z,Tania and Tibor reimburse INTERNET XFR,,672.0,TRANSFER,,
2025-08-28T08:34:31.000Z,LIQUOR ZONE 6503 AUCKLAND 492102281423,Liquor Zone,-66.29,EFTPOS,Liquor stores,Lifestyle
2025-08-27T08:08:56.000Z,WOOLWORTHS NZ/76 QUA 6503 AUCKLAND CIT 408964272008,Woolworths,-5.8,EFTPOS,Supermarkets and grocery stores,Food
2025-08-25T10:48:12.000Z,PIZZAHUT SYMONDST 6503 AUCKLAND 455046251218,Pizza Hut,-14.98,EFTPOS,Fast food stores,Lifestyle
2025-08-24T09:53:12.000Z,WOOLWORTHS NZ/76 QUA 6503 AUCKLAND CIT 408964242153,Woolworths,-9.69,EFTPOS,Supermarkets and grocery stores,Food
2025-08-23T14:05:23.000Z,AT PUBLIC TRANSPORT 6503 AUCKLAND 434667230830,Auckland Transport,-6.25,EFTPOS,Bus and shuttle transport services,Transport
2025-08-22T10:52:54.000Z,DOMINO'S AUCKLAND CI 6503 AUCKLAND 455046221259,Domino's,-14.33,EFTPOS,Fast food stores,Lifestyle
2025-08-22T05:08:15.000Z,WOOLWORTHS NZ/76 QUA 6503 AUCKLAND CIT 408964221708,Woolworths,-5.8,EFTPOS,Supermarkets and grocery stores,Food
2025-08-18T14:17:27.000Z,AT PUBLIC TRANSPORT 6503 AUCKLAND 434667181035,Auckland Transport,-2.8,EFTPOS,Bus and shuttle transport services,Transport
2025-08-16T11:42:51.000Z,Kevin Ly,,-2.51,DIRECT CREDIT,,
2025-08-15T05:07:50.000Z,WOOLWORTHS NZ/76 QUA 6503 AUCKLAND CIT 408964151707,Woolworths,-26.49,EFTPOS,Supermarkets and grocery stores,Food
2025-08-14T09:47:06.000Z,WOOLWORTHS NZ/76 QUA 6503 AUCKLAND CIT 408964142147,Woolworths,-5.8,EFTPOS,Supermarkets and grocery stores,Food
2025-08-14T09:32:43.000Z,DOMINO'S AUCKLAND CI 6503 AUCKLAND 455046141400,Domino's,-7.16,EFTPOS,Fast food stores,Lifestyle
2025-08-11T07:54:52.000Z,THE WAREHOUSE 221 AT 6503 AUCKLAND 434667111103,The Warehouse,-25.0,EFTPOS,General retail stores,Household
2025-08-09T14:10:29.000Z,AT PUBLIC TRANSPORT 6503 AUCKLAND 434667090758,Auckland Transport,-6.25,EFTPOS,Bus and shuttle transport services,Transport
2025-08-09T04:00:56.000Z,SHARING SHED 6503 AUCKLAND 492102090921,Sharing Shed,-39.43,EFTPOS,Haircuts and treatments,Appearance
2025-08-08T14:04:13.000Z,AT PUBLIC TRANSPORT 6503 AUCKLAND 434667080736,Auckland Transport,-6.25,EFTPOS,Bus and shuttle transport services,Transport
2025-08-06T12:19:23.000Z,Kevin Ly,,-9.0,DIRECT CREDIT,,
2025-08-04T14:13:15.000Z,AT PUBLIC TRANSPORT 6503 AUCKLAND 434667041139,Auckland Transport,-2.8,EFTPOS,Bus and shuttle transport services,Transport
2025-07-31T08:39:15.000Z,WOOLWORTHS NZ/76 QUA 6503 AUCKLAND CIT 408964312039,Woolworths,-15.49,EFTPOS,Supermarkets and grocery stores,Food
2025-07-29T04:50:09.000Z,UBIQ 6503 AUCKLAND 434667291121,Ubiq Books,-64.0,EFTPOS,Book stores,Education
2025-07-28T01:01:24.000Z,JB HI-FI - QUEEN STR 6503 AUCKLAND 492102281235,JB Hi-Fi,-39.0,EFTPOS,Electronic and appliance stores,Household
2025-07-27T21:06:20.000Z,Ly K,,7.5,DIRECT CREDIT,,
2025-07-27T11:48:06.000Z,J C WALKER-WITHERS,,7.5,PAYMENT,,
2025-07-27T11:16:49.000Z,DD *DOORDASH DOMINOS 6503 WELLINGTON 448131271233,DoorDash,-29.5,EFTPOS,Fast food stores,Lifestyle
2025-07-26T12:43:51.000Z,BAR101 6503 AUCKLAND 492102270727,Bar 101,-3.05,EFTPOS,"Bars, pubs, nightclubs",Lifestyle
2025-07-26T10:49:50.000Z,BAR101 6503 AUCKLAND 492102260727,Bar 101,-6.09,EFTPOS,"Bars, pubs, nightclubs",Lifestyle
2025-07-25T11:44:02.000Z,BAR101 6503 AUCKLAND 492102250746,Bar 101,-6.09,EFTPOS,"Bars, pubs, nightclubs",Lifestyle
2025-07-25T05:04:03.000Z,UOA ACCOMMODATION 6503 AUCKLAND 492102251202,The University Of Auckland,-81.52,EFTPOS,"Universities, professional schools, and other tertiary education",Education
2025-07-21T14:14:08.000Z,AT PUBLIC TRANSPORT 6503 AUCKLAND 434667211004,Auckland Transport,-12.5,EFTPOS,Bus and shuttle transport services,Transport
2025-07-21T05:06:13.000Z,UoA club,,-30.0,DIRECT CREDIT,,
2025-07-21T04:52:56.000Z,NEW WORLD OREWA 6503 OREWA 451836211652,New World,-3.99,EFTPOS,Supermarkets and grocery stores,Food
2025-07-20T22:09:25.000Z,Uni Adam 768532516 768532516 768532516,University Of Auckland Accommodation,-4698.6,PAYMENT,Rent for permanent accommodation,Housing
2025-07-20T22:08:02.000Z,Tania and Tibor Uni fees INTERNET XFR,,4698.6,TRANSFER,,
2025-07-20T21:23:29.000Z,UBIQ 6503 AUCKLAND 434667211037,Ubiq Books,-41.99,EFTPOS,Book stores,Education
2025-07-20T14:04:43.000Z,AT PUBLIC TRANSPORT 6503 AUCKLAND 434667201028,Auckland Transport,-12.5,EFTPOS,Bus and shuttle transport services,Transport
2025-07-20T02:27:53.000Z,OREWA BAKERY 6503 OREWA 492102200744,Orewa Bakery,-10.66,EFTPOS,Bakeries,Food
2025-07-18T05:54:36.000Z,WOOLWORTHS NZ/76 QUA 6503 AUCKLAND CIT 408964181754,Woolworths,-28.59,EFTPOS,Supermarkets and grocery stores,Food
2025-07-16T10:05:47.000Z,"TEMU.COM 6503 AUCKLAND, 448131160942",Temu,-35.67,EFTPOS,General retail stores,Household
2025-07-16T03:34:24.000Z,THE WAREHOUSE 221 AT 6503 AUCKLAND 434667161004,The Warehouse,-25.0,EFTPOS,General retail stores,Household
2025-07-15T11:07:09.000Z,AELIA DUTY FREE ARRI 6503 AUCKLAND 434667151235,Aelia Duty Free,-69.0,EFTPOS,Duty free stores,Lifestyle
2025-06-28T18:04:02.000Z,Tania and Tibor INTERNET XFR,,43.47,TRANSFER,,
2025-06-28T17:57:07.000Z,RELAY 6503 AUCKLAND 434667291225,Relay,-43.47,EFTPOS,Book stores,Education
2025-06-28T06:41:05.000Z,SUSHI BAR HAYAMA 6503 AUCKLAND 492102280757,Sushi Bar Hayama,-22.0,EFTPOS,Fast food stores,Lifestyle
2025-06-27T14:11:57.000Z,AT PUBLIC TRANSPORT 6503 AUCKLAND 434667270714,Auckland Transport,-9.05,EFTPOS,Bus and shuttle transport services,Transport
2025-06-27T03:25:45.000Z,DA HUA SUPERMARKET A 6503 AUCKLAND 434667271043,Dahua Supermarket,-5.04,EFTPOS,Supermarkets and grocery stores,Food
2025-06-27T03:11:49.000Z,HALLENSTEINS 6503 AUCKLAND 492102271058,Hallenstein Brothers,-49.99,EFTPOS,Clothing stores,Appearance
2025-06-27T02:50:12.000Z,Cotton On Mega 9912 6503 Albany 420549271450,Cotton On,-60.19,EFTPOS,Clothing stores,Appearance
2025-06-27T01:54:25.000Z,MATSU SUSHI 6503 AUCKLAND 451836271354,Matsu Sushi,-16.0,EFTPOS,Cafes and restaurants,Lifestyle
2025-06-23T14:09:44.000Z,AT PUBLIC TRANSPORT 6503 AUCKLAND 434667231115,Auckland Transport,-6.25,EFTPOS,Bus and shuttle transport services,Transport
2025-06-22T21:11:02.000Z,GREEN CROSS HEALTH L DIVIDEND 23/ NAGY AM 320529727,,12.8,DIRECT CREDIT,,
2025-06-22T14:04:15.000Z,AT PUBLIC TRANSPORT 6503 AUCKLAND 434667221033,Auckland Transport,-6.25,EFTPOS,Bus and shuttle transport services,Transport
2025-06-22T04:55:41.000Z,DANIEL ARARAT Machine girl,,-10.0,DIRECT CREDIT,,
2025-06-21T07:21:02.000Z,ZAM ZAM TRADING LTD 6503 AUCKLAND 451836211921,Zam Zam Indian Restaurant,-15.61,EFTPOS,Cafes and restaurants,Lifestyle
2025-06-21T04:09:44.000Z,NEW WORLD METRO QUEE 6503 AUCKLAND 455046210741,New World,-1.09,EFTPOS,Supermarkets and grocery stores,Food
2025-06-21T03:53:47.000Z,TB SHORTLAND ST - 10 6503 AUCKLAND 455046210734,Shortland St. Cafe,-12.99,EFTPOS,Cafes and restaurants,Lifestyle
2025-06-20T08:28:26.000Z,WOOLWORTHS NZ/4-6 MO 6503 OREWA 408964202028,Woolworths,-9.98,EFTPOS,Supermarkets and grocery stores,Food
2025-06-20T06:59:17.000Z,MCDONALD'S SILVERDAL 6503 SILVERDALE 455046200758,McDonald's,-2.2,EFTPOS,Fast food stores,Lifestyle
2025-06-19T13:21:54.000Z,BAR101 6503 AUCKLAND 492102201032,Bar 101,-3.05,EFTPOS,"Bars, pubs, nightclubs",Lifestyle
2025-06-19T12:21:31.000Z,BAR101 6503 AUCKLAND 492102201032,Bar 101,-3.05,EFTPOS,"Bars, pubs, nightclubs",Lifestyle
2025-06-19T11:11:13.000Z,BAR101 6503 AUCKLAND 492102191032,Bar 101,-3.05,EFTPOS,"Bars, pubs, nightclubs",Lifestyle
2025-06-19T04:26:16.000Z,PIZZA HUT MT ALBERT 6503 AUCKLAND 492102191207,Pizza Hut,-7.49,EFTPOS,Fast food stores,Lifestyle
2025-06-19T04:18:15.000Z,LIQUORLAND MT ALBERT 6503 AUCKLAND 451836191618,Liquorland,-25.98,EFTPOS,Liquor stores,Lifestyle
2025-06-18T00:00:51.000Z,WOOLWORTHS NZ/76 QUA 6503 AUCKLAND CIT 408964181200,Woolworths,-5.8,EFTPOS,Supermarkets and grocery stores,Food
2025-06-16T10:18:28.000Z,DOMINO'S AUCKLAND CI 6503 AUCKLAND 455046161157,Domino's,-7.18,EFTPOS,Fast food stores,Lifestyle
2025-06-12T09:18:34.000Z,The Fresh Market CBD 6503 Auckland Cen 420549122118,The Fresh Market,-7.15,EFTPOS,Supermarkets and grocery stores,Food
2025-06-12T09:10:27.000Z,DOMINO'S AUCKLAND CI 6503 AUCKLAND 455046121224,Domino's,-7.16,EFTPOS,Fast food stores,Lifestyle
2025-06-12T08:52:48.000Z,WOOLWORTHS NZ/76 QUA 6503 AUCKLAND CIT 408964122052,Woolworths,-36.86,EFTPOS,Supermarkets and grocery stores,Food
2025-06-10T19:17:39.000Z,Tania and Tibor cash to account INTERNET XFR,,795.0,TRANSFER,,
2025-06-08T03:54:03.000Z,GONGCHA QUEEN ST 6503 AUCKLAND 434667080725,Gong Cha,-9.0,EFTPOS,Fast food stores,Lifestyle
2025-06-06T08:05:56.000Z,Bottles and Booze 6503 Auckland 420549062005,,-19.97,EFTPOS,,
2025-06-05T09:50:09.000Z,WOOLWORTHS NZ/76 QUA 6503 AUCKLAND CIT 408964052150,Woolworths,-28.6,EFTPOS,Supermarkets and grocery stores,Food
2025-06-04T06:11:43.000Z,EDEN NOODLES CITY 6503 AUCKLAND 434667041014,Eden Noodles,-18.87,EFTPOS,Cafes and restaurants,Lifestyle
2025-06-03T04:47:37.000Z,Tania and Tibor INTERNET XFR,,-15132.92,TRANSFER,,
2025-06-03T03:16:20.000Z,I.R.D. 097-820-244 D1780678352# INC 31/03/2025,,15132.92,DIRECT CREDIT,,
2025-05-29T08:50:59.000Z,WOOLWORTHS NZ/76 QUA 6503 AUCKLAND CIT 408964292050,Woolworths,-39.68,EFTPOS,Supermarkets and grocery stores,Food
2025-05-26T22:17:22.000Z,University of Auckla 138851DpsA2A D1298000 821854.15807,The University Of Auckland,-5.0,DIRECT CREDIT,"Universities, professional schools, and other tertiary education",Education
2025-05-26T07:36:48.000Z,APPLE.COM/BILL 6503 SYDNEY 406988261202,Apple,-19.98,EFTPOS,Electronic and appliance stores,Household
2025-05-24T11:57:56.000Z,MCDONALD'S OREWA 6503 OREWA 455046240756,McDonald's,-16.0,EFTPOS,Fast food stores,Lifestyle
2025-05-21T07:53:35.000Z,WOOLWORTHS NZ/19-25 6503 AUCKLANDMETR 408964211953,Woolworths,-19.0,EFTPOS,Supermarkets and grocery stores,Food
2025-05-20T00:19:42.000Z,WOOLWORTHS NZ/76 QUA 6503 AUCKLAND CIT 408964201219,Woolworths,-6.5,EFTPOS,Supermarkets and grocery stores,Food
2025-05-18T00:45:47.000Z,MCDONALD'S SILVERDAL 6503 SILVERDALE 455046181155,McDonald's,-14.5,EFTPOS,Fast food stores,Lifestyle
2025-05-15T09:39:20.000Z,WOOLWORTHS NZ/76 QUA 6503 AUCKLAND CIT 408964152139,Woolworths,-5.8,EFTPOS,Supermarkets and grocery stores,Food
2025-05-15T09:38:08.000Z,WOOLWORTHS NZ/76 QUA 6503 AUCKLAND CIT 408964152138,Woolworths,-32.49,EFTPOS,Supermarkets and grocery stores,Food
2025-05-14T09:53:59.000Z,LEUKAEMIA NZ SHAVE 6503 AUCKLAND 448131141237,Leukaemia & Blood Cancer New Zealand,-25.0,EFTPOS,Welfare and charity,Lifestyle
2025-05-13T04:51:32.000Z,Cotton On 9930 Queen 6503 Auckland 420549131651,Cotton On,-49.99,EFTPOS,Clothing stores,Appearance
2025-05-13T04:30:42.000Z,WOOLWORTHS NZ/76 QUA 6503 AUCKLAND CIT 408964131630,Woolworths,-4.68,EFTPOS,Supermarkets and grocery stores,Food
2025-05-12T05:11:09.000Z,WOOLWORTHS NZ/76 QUA 6503 AUCKLAND CIT 408964121711,Woolworths,-11.49,EFTPOS,Supermarkets and grocery stores,Food
2025-05-11T05:46:22.000Z,Tania and Tibor book INTERNET XFR,,29.0,TRANSFER,,
2025-05-10T04:04:59.000Z,UNITY BOOKS HIGH ST 6503 AUCKLAND 455046100825,Unity Books,-29.0,EFTPOS,Book stores,Education
2025-05-09T11:30:06.000Z,BAR101 6503 AUCKLAND 492102090749,Bar 101,-3.05,EFTPOS,"Bars, pubs, nightclubs",Lifestyle
2025-05-09T11:17:37.000Z,BAR101 6503 AUCKLAND 492102090749,Bar 101,-3.05,EFTPOS,"Bars, pubs, nightclubs",Lifestyle
2025-05-09T06:55:18.000Z,LIQUOR ZONE 6503 AUCKLAND 492102091111,Liquor Zone,-50.99,EFTPOS,Liquor stores,Lifestyle
2025-05-09T04:00:45.000Z,MCDONALDS QUEEN ST 6503 AUCKLAND 455046090840,McDonald's,-8.4,EFTPOS,Fast food stores,Lifestyle
2025-05-09T02:27:26.000Z,Sail City Mart 6503 Auckland Cen 420549091427,Sail City Mart,-2.86,EFTPOS,Convenience stores,Food
2025-05-07T02:54:12.000Z,UBIQ 6503 AUCKLAND 434667071032,Ubiq Books,-11.98,EFTPOS,Book stores,Education
2025-05-06T03:48:59.000Z,UBIQ 6503 AUCKLAND 434667061023,Ubiq Books,-6.25,EFTPOS,Book stores,Education
2025-05-05T05:01:54.000Z,WOOLWORTHS NZ/76 QUA 6503 AUCKLAND CIT 408964051701,Woolworths,-28.48,EFTPOS,Supermarkets and grocery stores,Food
2025-05-03T14:03:23.000Z,AT PUBLIC TRANSPORT 6503 AUCKLAND 434667030709,Auckland Transport,-7.4,EFTPOS,Bus and shuttle transport services,Transport
2025-05-03T12:05:49.000Z,BAR101 6503 AUCKLAND 492102040808,Bar 101,-3.05,EFTPOS,"Bars, pubs, nightclubs",Lifestyle
2025-05-03T06:36:36.000Z,New World Devonport 6503 Devonport 420549031836,New World,-2.49,EFTPOS,Supermarkets and grocery stores,Food
2025-05-02T11:10:46.000Z,COLUMBIA MART 6503 AUCKLAND 492102020723,Columbia Mart,-17.02,EFTPOS,Supermarkets and grocery stores,Food
2025-05-02T10:18:55.000Z,STEAMGAMES.COM 42595 6503 912-1844160 479338030912,Steam,-7.39,EFTPOS,Digital gaming products and services,Lifestyle
2025-04-29T05:17:54.000Z,MANLY PHARMACY MANLY WAGES UNICHEM,,200.63,DIRECT CREDIT,,
2025-04-28T04:12:01.000Z,WOOLWORTHS NZ/76 QUA 6503 AUCKLAND CIT 408964281612,Woolworths,-36.18,EFTPOS,Supermarkets and grocery stores,Food
2025-04-24T12:23:20.000Z,TM *TICKETMASTERNZ 6503 038632151 420549250225,Ticketmaster,-81.36,EFTPOS,Events and tickets (not elsewhere classified),Lifestyle
2025-04-23T12:11:18.000Z,BAR101 6503 AUCKLAND 492102241106,Bar 101,-6.09,EFTPOS,"Bars, pubs, nightclubs",Lifestyle
2025-04-23T08:49:54.000Z,LIQUOR ZONE 6503 AUCKLAND 492102231215,Liquor Zone,-19.89,EFTPOS,Liquor stores,Lifestyle
2025-04-23T06:22:23.000Z,MCDONALDS WHANGAPARA 6503 WHANGAPARAOA 455046231124,McDonald's,-14.5,EFTPOS,Fast food stores,Lifestyle
2025-04-23T02:32:56.000Z,Tania and Tibor tax refund INTERNET XFR,,67.43,TRANSFER,,
2025-04-22T23:39:28.000Z,MANLY PRICE CUTTER 6503 WHANGAPARAOA 492102231124,Price Cutter,-3.5,EFTPOS,Convenience stores,Food
2025-04-22T05:42:12.000Z,MANLY PHARMACY MANLY WAGES UNICHEM,,462.79,DIRECT CREDIT,,
2025-04-21T16:02:14.000Z,AT PUBLIC TRANSPORT 6503 AUCKLAND 434667210953,Auckland Transport,-2.8,EFTPOS,Bus and shuttle transport services,Transport
2025-04-21T03:14:26.000Z,PB Technologies Limi 555583716503 Auckland 0499211513,PB Tech,-21.03,EFTPOS,Electronic and appliance stores,Household
2025-04-21T01:51:50.000Z,SHARING SHED 6503 AUCKLAND 492102211008,Sharing Shed,-42.46,EFTPOS,Haircuts and treatments,Appearance
2025-04-20T01:37:25.000Z,Pio Joaquin JUGO,,-14.0,PAYMENT,,
2025-04-18T14:03:17.000Z,AT PUBLIC TRANSPORT 6503 AUCKLAND 434667180922,Auckland Transport,-6.25,EFTPOS,Bus and shuttle transport services,Transport
2025-04-16T10:08:11.000Z,CLARKE D J,,23.0,PAYMENT,,
2025-04-16T08:58:49.000Z,Hoyts Hibiscus Coast 6503 Auckland 451836162058,HOYTS,-16.0,EFTPOS,Cinemas,Lifestyle
2025-04-16T08:55:15.000Z,THIRSTY LIQUOR WHANG 555583716503 WHANGAPARAOA 0499162055,Thirsty Liquor,-46.99,EFTPOS,Liquor stores,Lifestyle
2025-04-16T07:39:33.000Z,BP CONNECT WHANGAPAR 555583716503 NORTH SHORE 0499161939,BP,-89.72,EFTPOS,Fuel stations,Transport
2025-04-13T14:04:11.000Z,AT PUBLIC TRANSPORT 6503 AUCKLAND 434667131338,Auckland Transport,-6.25,EFTPOS,Bus and shuttle transport services,Transport
2025-04-13T07:59:25.000Z,LIME*RIDE 725B 6503 AUCKLAND 448131130827,Lime,-5.9,EFTPOS,"Taxi, rideshare, and on-demand transport services",Transport
2025-04-13T07:03:29.000Z,KINGSMADE NOODLE 555583716503 AUCKLAND 0499131903,King Made Noodles,-14.99,EFTPOS,Cafes and restaurants,Lifestyle
2025-04-12T13:54:11.000Z,CIRCLE K KARANGAHAPE 6503 AUCKLAND 434667130647,Circle K,-4.99,EFTPOS,Convenience stores,Food
2025-04-12T13:53:29.000Z,CIRCLE K KARANGAHAPE 6503 AUCKLAND 434667130647,Circle K,-8.89,EFTPOS,Convenience stores,Food
2025-04-12T12:08:25.000Z,MCDONALDS QUEEN ST 6503 AUCKLAND 455046130749,McDonald's,-3.0,EFTPOS,Fast food stores,Lifestyle
2025-04-12T06:14:53.000Z,ZAM ZAM TRADING LTD 555583716503 AUCKLAND 0499121814,Zam Zam Indian Restaurant,-14.8,EFTPOS,Cafes and restaurants,Lifestyle
2025-04-09T01:50:45.000Z,MUNCHY MART LIMITED 6503 AUCKLAND 455046091118,Munchy Mart,-5.41,EFTPOS,Convenience stores,Food
2025-04-08T10:52:40.000Z,Tania and Tibor board shipping INTERNET XFR,,28.0,TRANSFER,,
2025-04-08T10:46:56.000Z,The Pawnshop Board,,-427.0,DIRECT CREDIT,,
2025-04-07T02:32:28.000Z,Tania and Tibor skateboard INTERNET XFR,,399.0,TRANSFER,,
2025-04-04T22:00:51.000Z,MCDONALDS OREWA 010038211253 OREWA 0499051100,McDonald's,-10.6,EFTPOS,Fast food stores,Lifestyle
2025-03-31T21:11:50.000Z,MERCURY NZ LIMITED DIVIDEND NZD NAGY AM 320529727,,74.32,DIRECT CREDIT,,
2025-03-29T10:20:47.000Z,STEAMGAMES.COM 42595 6503 912-1844160 479338300941,Steam,-19.79,EFTPOS,Digital gaming products and services,Lifestyle
2025-03-27T04:28:25.000Z,The Warehouse 221 At 010038211253 Auckland 0499271728,The Warehouse,-20.9,EFTPOS,General retail stores,Household
2025-03-27T04:21:37.000Z,WOOLWORTHS NZ 9283 010038211253 AUCKLANDMENZ 0499271721,Woolworths,-31.25,EFTPOS,Supermarkets and grocery stores,Food
2025-03-23T05:29:08.000Z,WOOLWORTHS NZ 9061 010038211253 OREWA NZ 0499231829,Woolworths,-2.0,EFTPOS,Supermarkets and grocery stores,Food
2025-03-23T05:22:42.000Z,Domino's Pizza Orewa 010038211253 Orewa 0499231822,Domino's,-15.5,EFTPOS,Fast food stores,Lifestyle
2025-03-22T06:23:28.000Z,LIQUOR ZONE 010038211253 AUCKLAND 0499221923,Liquor Zone,-71.49,EFTPOS,Liquor stores,Lifestyle
2025-03-22T02:33:33.000Z,Tania and Tibor INTERNET XFR,,300.0,TRANSFER,,
2025-03-21T06:01:20.000Z,Tania and Tibor INTERNET XFR,,-22623.58,TRANSFER,,
2025-03-21T05:26:26.000Z,MANLY PHARMACY MANLY WAGES UNICHEM,,22623.58,DIRECT CREDIT,,
2025-03-19T23:28:47.000Z,Ubiq 010038211253 Auckland 0499201228,Ubiq Books,-47.0,EFTPOS,Book stores,Education
2025-03-15T23:34:54.000Z,Tania and Tibor Stationary INTERNET XFR,,128.94,TRANSFER,,
2025-03-12T06:10:20.000Z,Pio Joaquin JUGO,,-5.0,DIRECT CREDIT,,
2025-03-10T11:30:20.000Z,Pio Joaquin JUGO,,-5.8,DIRECT CREDIT,,
2025-03-09T23:32:02.000Z,Xander Flurry-Thomps,,-6.8,DIRECT CREDIT,,
2025-03-06T10:01:42.000Z,Pio Joaquin JUGO,,-27.5,DIRECT CREDIT,,
2025-03-05T00:56:34.000Z,Ubiq 2 Alfred Street 010038211253 AUCKLAND 0499051356,,-128.94,EFTPOS,,
2025-03-02T05:02:22.000Z,UniversityOfAuckland 026139DpsA2A D1041800 1535201,The University Of Auckland,-4698.6,DIRECT CREDIT,"Universities, professional schools, and other tertiary education",Education
2025-03-02T00:31:50.000Z,Tania and Tibor INTERNET XFR,,4698.6,TRANSFER,,
2025-03-01T01:49:31.000Z,WOOLWORTHS NZ 9283 010038211253 AUCKLANDMENZ 0499011449,Woolworths,-28.5,EFTPOS,Supermarkets and grocery stores,Food
2025-02-27T07:21:20.000Z,Maximilian Arthur Va,,-20.0,DIRECT CREDIT,,
2025-02-26T06:05:53.000Z,Ike,,-5.0,DIRECT CREDIT,,
2025-02-25T23:32:57.000Z,KUBICK RESTAURANT 010038211253 AUCKLAND 0499261232,Kubick,-6.0,EFTPOS,Cafes and restaurants,Lifestyle
2025-02-25T04:20:35.000Z,CROFFLIA 010038211253 AUCKLAND 0499251720,Crofflia,-9.0,EFTPOS,Cafes and restaurants,Lifestyle
2025-02-24T03:30:52.000Z,ALEXANDRA READE,,-30.0,PAYMENT,,
2025-02-23T01:20:54.000Z,WOOLWORTHS NZ 9094 010038211253 AUCKLAND CNZ 0499231420,Woolworths,-4.89,EFTPOS,Supermarkets and grocery stores,Food
2025-02-22T01:56:50.000Z,Tania and Tibor INTERNET XFR,,45.0,TRANSFER,,
2025-02-18T00:59:23.000Z,MATSU SUSHI 010038211253 AUCKLAND 0499181359,Matsu Sushi,-6.0,EFTPOS,Cafes and restaurants,Lifestyle
2025-02-17T22:48:24.000Z,RISHWORTH SUPERETTE 010038211253 WHANGAPARAOA 0499181148,Rishworth Superette,-3.5,EFTPOS,Convenience stores,Food
2025-02-17T17:01:16.000Z,MANLY PHARMACY MANLY WAGES UNICHEM,,95.35,DIRECT CREDIT,,
2025-02-16T07:05:01.000Z,WOOLWORTHS NZ 9061 010038211253 OREWA NZ 0499162005,Woolworths,-6.8,EFTPOS,Supermarkets and grocery stores,Food
2025-02-16T05:08:53.000Z,WOOLWORTHS NZ 9061 010038211253 OREWA NZ 0499161808,Woolworths,-3.0,EFTPOS,Supermarkets and grocery stores,Food
2025-02-10T17:00:58.000Z,MANLY PHARMACY MANLY WAGES UNICHEM,,54.41,DIRECT CREDIT,,
2025-02-07T06:05:32.000Z,Asian Mart Queenstow 010038211253 QUEENSTOWN 0499071905,Asian Mart,-2.39,EFTPOS,Supermarkets and grocery stores,Food
2025-02-03T17:01:01.000Z,MANLY PHARMACY MANLY WAGES UNICHEM,,40.7,DIRECT CREDIT,,
2025-02-01T03:27:10.000Z,Tania and Tibor expenses INTERNET XFR,,707.0,TRANSFER,,
2025-01-31T08:50:40.000Z,C J X CHOW,,55.0,PAYMENT,,
2025-01-31T04:33:30.000Z,Oscar,,-45.0,PAYMENT,,
2025-01-31T02:28:40.000Z,MCDONALDS OREWA 010038211253 OREWA 0499311528,McDonald's,-2.5,EFTPOS,Fast food stores,Lifestyle
2025-01-30T01:55:12.000Z,Alfred's Huia Store 010038211253 Auckland 0499301455,Alfred's Huia Store,-17.0,EFTPOS,Fast food stores,Lifestyle
2025-01-29T23:34:32.000Z,Tai Ping Albany 11 I 010038211253 AUCKLAND 0499301234,Tai Ping Asian Supermarket,-47.92,EFTPOS,Supermarkets and grocery stores,Food
2025-01-29T23:06:42.000Z,Bunnings North Shore 010038211253 Auckland 0499301206,Bunnings Warehouse,-36.25,EFTPOS,Building supplies,Household
2025-01-29T05:42:42.000Z,RISHWORTH SUPERETTE 010038211253 WHANGAPARAOA 0499291842,Rishworth Superette,-5.99,EFTPOS,Convenience stores,Food
2025-01-29T05:39:39.000Z,Z WHANGAPARAOA 010038211253 WHANGAPARAOA 0499291839,Z Energy,-48.7,EFTPOS,Fuel stations,Transport
2025-01-29T03:41:18.000Z,WOOLWORTHS NZ 9437 010038211253 LWR ALBERTNZ 0499291641,Woolworths,-2.2,EFTPOS,Supermarkets and grocery stores,Food
2025-01-29T03:14:02.000Z,Loaded 57 High Stree 010038211253 Auckland 0499291613,,-39.98,EFTPOS,,
2025-01-28T05:56:53.000Z,Domino's Pizza Orewa 010038211253 Orewa 0499281856,Domino's,-7.0,EFTPOS,Fast food stores,Lifestyle
2025-01-28T05:44:07.000Z,WOOLWORTHS NZ 9061 010038211253 OREWA NZ 0499281844,Woolworths,-2.79,EFTPOS,Supermarkets and grocery stores,Food
2025-01-28T04:43:16.000Z,MANLY PHARMACY MANLY WAGES UNICHEM,,40.7,DIRECT CREDIT,,
2025-01-28T04:05:45.000Z,Auckland Council Akc Council 0225067755 4606845840,,-14.5,DIRECT CREDIT,,
2025-01-27T08:34:14.000Z,Shine Lin,,-29.0,DIRECT CREDIT,,
2025-01-26T21:22:21.000Z,Z WHANGAPARAOA 010038211253 WHANGAPARAOA 0499271022,Z Energy,-57.75,EFTPOS,Fuel stations,Transport
2025-01-26T06:41:53.000Z,WOOLWORTHS NZ 9061 010038211253 OREWA NZ 0499261941,Woolworths,-5.0,EFTPOS,Supermarkets and grocery stores,Food
2025-01-24T22:12:05.000Z,FUR-GET-ME-NOT 010038211253 TE AROHA 0499251112,,-4.0,EFTPOS,,
2025-01-23T01:00:03.000Z,GO CERY 010038211253 BOMBAY 0499231400,Go-cery,-3.5,EFTPOS,Convenience stores,Food
2025-01-22T05:13:22.000Z,Z WHANGAPARAOA 010038211253 WHANGAPARAOA 0499221813,Z Energy,-95.02,EFTPOS,Fuel stations,Transport
2025-01-21T22:48:34.000Z,COSTCO WHOLESALE NZ 010038211253 AUCKLAND 0499221148,Costco,-1.99,EFTPOS,Supermarkets and grocery stores,Food
2025-01-21T02:49:13.000Z,MANLY PHARMACY MANLY WAGES UNICHEM,,40.7,DIRECT CREDIT,,
2025-01-19T00:06:05.000Z,Oscar,,-25.0,DIRECT CREDIT,,
2025-01-17T23:54:18.000Z,MITRE 10 WHANGAPARAO 010038211253 WHANGAPARAOA 0499181254,Mitre 10,-14.99,EFTPOS,Building supplies,Household
2025-01-17T23:16:46.000Z,PAPER PLUS WHANGAPAR 010038211253 WHANGAPARAOA 0499181216,Paper Plus,-38.0,EFTPOS,Stationery and office supplies,Household
2025-01-17T02:21:52.000Z,NEW WORLD ALBANY 010038211253 ALBANY NZ 0499171521,New World,-2.79,EFTPOS,Supermarkets and grocery stores,Food
2025-01-17T00:25:54.000Z,THAT'S DRINKS 010038211253 AUCKLAND 0499171325,That's Drinks,-4.0,EFTPOS,Specialty food stores,Food
2025-01-17T00:08:32.000Z,New Zealand Red Cros 010038211253 Auckland 0499171308,New Zealand Red Cross,-16.0,EFTPOS,Welfare and charity,Lifestyle
2025-01-16T23:40:11.000Z,NORTH SHORE HOSPICE 010038211253 WAIRAU PARK 0499171240,Harbour Hospice,-2.0,EFTPOS,Secondhand and opportunity stores,Appearance
2025-01-14T22:23:45.000Z,PARAKAI SPRINGS 010038211253 PARAKAI 0499151123,Parakai Springs,-18.0,EFTPOS,"Gyms, fitness, aquatic facilities, yoga, pilates",Health
2025-01-14T22:12:01.000Z,FOUR SQUARE PARAKAI 010038211253 PARAKAI 0499151112,Four Square,-5.79,EFTPOS,Supermarkets and grocery stores,Food
2025-01-14T02:39:50.000Z,MANLY PHARMACY MANLY WAGES UNICHEM,,55.78,DIRECT CREDIT,,
2025-01-11T06:47:32.000Z,Tania and Tibor INTERNET XFR,,130.0,TRANSFER,,
2025-01-10T04:48:49.000Z,FOUR SQUARE RED BEAC 010038211253 RED BEACH 0499101748,Four Square,-1.0,EFTPOS,Supermarkets and grocery stores,Food
2025-01-10T01:01:06.000Z,NORTH SHORE HOSPICE 010038211253 STANMORE BAY 0499101401,Harbour Hospice,-12.0,EFTPOS,Secondhand and opportunity stores,Appearance
2025-01-10T00:51:08.000Z,Salvation Army 010038211253 Auckland 0499101350,The Salvation Army,-2.0,EFTPOS,Welfare and charity,Lifestyle
2025-01-10T00:15:45.000Z,OREWA BAKERY 010038211253 OREWA 0499101315,Orewa Bakery,-4.5,EFTPOS,Bakeries,Food
2025-01-10T00:07:08.000Z,NORTH SHORE HOSPICE 010038211253 OREWA 0499101307,Harbour Hospice,-3.0,EFTPOS,Secondhand and opportunity stores,Appearance
2025-01-09T23:43:40.000Z,Salt Community Trust 010038211253 Auckland 0499101243,Salt Community Trust,-23.0,EFTPOS,Welfare and charity,Lifestyle
2025-01-08T03:50:50.000Z,St Pierres Whangarei 010038211253 8 Kensington 0499081650,St Pierre's Sushi,-7.59,EFTPOS,Fast food stores,Lifestyle
2025-01-07T03:33:52.000Z,MANLY PHARMACY MANLY WAGES UNICHEM,,81.4,DIRECT CREDIT,,
2025-01-05T00:44:12.000Z,Adrenalin Adventure 010038211253 Whangarei 0499051344,Adrenalin Adventure Park,-193.35,EFTPOS,"Attractions, museums, zoos, amusement parks, circuses, exhibits",Lifestyle
2025-01-05T00:07:59.000Z,Tania and Tibor water park INTERNET XFR,,65.0,TRANSFER,,
2025-01-01T08:32:00.000Z,Crompton K I R,,11.3,DIRECT CREDIT,,
2024-12-31T20:26:28.000Z,CLARKE D J,,10.6,PAYMENT,,
2024-12-31T15:37:21.000Z,MCDONALDS ALBANY FRE 010038211253 ALBANY 0499010437,McDonald's,-35.7,EFTPOS,Fast food stores,Lifestyle
2024-12-31T09:54:02.000Z,MINI MART SHORTLAND 010038211253 AUCKLAND 0499312254,Mini Mart Shortland,-5.5,EFTPOS,Convenience stores,Food
2024-12-31T00:11:54.000Z,MANLY PHARMACY MANLY WAGES UNICHEM,,106.59,DIRECT CREDIT,,
2024-12-28T07:32:52.000Z,STAR KITCHEN 2020 LT 010038211253 WHANGAPARAOA 0499282032,Star Kitchen 2020,-18.5,EFTPOS,Fast food stores,Lifestyle
2024-12-23T23:11:04.000Z,$2 PLUS 010038211253 WHANGAPARAOA 0499241211,2 Plus Dollar Store,-9.5,EFTPOS,Variety stores,Household
2024-12-23T23:04:49.000Z,PAPER PLUS WHANGAPAR 010038211253 WHANGAPARAOA 0499241204,Paper Plus,-83.0,EFTPOS,Stationery and office supplies,Household
2024-12-23T19:13:05.000Z,Tania and Tibor windows INTERNET XFR,,187.5,TRANSFER,,
2024-12-23T10:18:57.000Z,MANLY PHARMACY MANLY WAGES UNICHEM,,96.66,DIRECT CREDIT,,
2024-12-23T03:16:18.000Z,Z MANLY 010038211253 MANLY 0499231616,Z Energy,-92.47,EFTPOS,Fuel stations,Transport
2024-12-20T01:37:27.000Z,St Pierres Elliot St 010038211253 20 Elliott S 0499201437,St Pierre's Sushi,-13.59,EFTPOS,Fast food stores,Lifestyle
2024-12-18T08:03:55.000Z,Domino's Pizza Orewa 010038211253 Orewa 0499182103,Domino's,-7.0,EFTPOS,Fast food stores,Lifestyle
2024-12-18T02:51:45.000Z,GongCha Queen St 164 010038211253 AUCKLAND 0499181551,Gong Cha,-6.2,EFTPOS,Fast food stores,Lifestyle
2024-12-18T02:47:09.000Z,SANRIO GIFTGATE 010038211253 AUCKLAND 0499181547,,-27.3,EFTPOS,,
2024-12-18T02:38:10.000Z,HALLENSTEINS QUEEN S 010038211253 AUCKLAND 0499181538,Hallenstein Brothers,-39.99,EFTPOS,Clothing stores,Appearance
2024-12-18T02:01:47.000Z,MCDONALDS BRITOMART 010038211253 AUCKLAND 0499181501,McDonald's,-8.0,EFTPOS,Fast food stores,Lifestyle
2024-12-17T20:11:08.000Z,GREEN CROSS HEALTH L DIVIDEND 18/ NAGY AM 320529727,,11.63,DIRECT CREDIT,,
2024-12-16T23:36:29.000Z,MANLY PHARMACY MANLY WAGES UNICHEM,,40.7,DIRECT CREDIT,,
2024-12-09T23:55:03.000Z,MANLY PHARMACY MANLY WAGES UNICHEM,,40.7,DIRECT CREDIT,,
2024-12-09T07:27:05.000Z,HANOI HAVEN 010038211253 AUCKLAND 0499092027,Hanoi Haven,-68.0,EFTPOS,Cafes and restaurants,Lifestyle
2024-12-09T05:05:16.000Z,MANLY PRICE CUTTER 010038211253 WHANGAPARAOA 0499091805,Price Cutter,-3.5,EFTPOS,Convenience stores,Food
2024-12-08T01:31:24.000Z,Tania and Tibor INTERNET XFR,,150.0,TRANSFER,,
2024-12-06T03:38:21.000Z,KMART NZ 8212 010038211253 ALBANY 0499061638,Kmart,-1.25,EFTPOS,General retail stores,Household
2024-12-06T02:31:17.000Z,MATSU SUSHI 010038211253 AUCKLAND 0499061531,Matsu Sushi,-5.2,EFTPOS,Cafes and restaurants,Lifestyle
2024-12-06T02:12:54.000Z,MATSU SUSHI 010038211253 AUCKLAND 0499061512,Matsu Sushi,-12.0,EFTPOS,Cafes and restaurants,Lifestyle
2024-12-06T01:02:11.000Z,Z SILVERDALE 010038211253 AUCKLAND 0499061402,Z Energy,-89.32,EFTPOS,Fuel stations,Transport
2024-12-03T06:43:15.000Z,NEW WORLD WHANGAPARA 010038211253 WHANGAPARAOA 0499031943,New World,-7.38,EFTPOS,Supermarkets and grocery stores,Food
2024-12-02T23:55:49.000Z,MANLY PHARMACY MANLY WAGES UNICHEM,,40.7,DIRECT CREDIT,,
2024-11-28T07:44:43.000Z,WHANGAPARAOA TENPIN 010038211253 WHANGAPARAOA 0499282044,Whangaparaoa Tenpin Bowling,-13.0,EFTPOS,Entertainment (not elsewhere classified),Lifestyle
2024-11-26T10:07:24.000Z,Shine,,-24.2,DIRECT CREDIT,,
2024-11-26T05:02:03.000Z,PB Technologies Limi 010038211253 Auckland 0499261801,PB Tech,-7.41,EFTPOS,Electronic and appliance stores,Household
2024-11-26T04:54:32.000Z,Da Hua Supermarket A 010038211253 AUCKLAND 0499261754,Dahua Supermarket,-4.99,EFTPOS,Supermarkets and grocery stores,Food
2024-11-26T04:40:24.000Z,SHARING SHED 010038211253 15 ALBANY 0499261740,Sharing Shed,-39.0,EFTPOS,Haircuts and treatments,Appearance
2024-11-19T02:34:39.000Z,MANLY PHARMACY MANLY WAGES UNICHEM,,53.75,DIRECT CREDIT,,
2024-11-19T01:58:05.000Z,WOOLWORTHS NZ 9061 010038211253 OREWA NZ 0499191458,Woolworths,-5.05,EFTPOS,Supermarkets and grocery stores,Food
2024-11-19T00:46:19.000Z,KIPPERS TAKEAWAYS 010038211253 OREWA 0499191346,Kippers Takeaways,-11.9,EFTPOS,Fast food stores,Lifestyle
2024-11-11T23:47:03.000Z,MANLY PHARMACY MANLY WAGES UNICHEM,,45.79,DIRECT CREDIT,,
2024-11-05T03:10:49.000Z,MANLY PHARMACY MANLY WAGES UNICHEM,,40.7,DIRECT CREDIT,,
2024-10-31T06:13:30.000Z,Tania and Tibor wofff INTERNET XFR,,5.0,TRANSFER,,
2024-10-31T05:45:38.000Z,Tania and Tibor INTERNET XFR,,80.0,TRANSFER,,
2024-10-31T02:47:22.000Z,AUTOTECH WHANGAPARAO 010038211253 AUCKLAND 0499311547,Autotech Services,-85.0,EFTPOS,Automotive repair and servicing,Transport
2024-10-30T22:47:50.000Z,WOOLWORTHS NZ 9061 010038211253 OREWA NZ 0499311147,Woolworths,-30.75,EFTPOS,Supermarkets and grocery stores,Food
2024-10-30T04:29:09.000Z,Captain Kerrs Fish & 010038211253 OREWA 0499301729,Captain Kerrs,-10.8,EFTPOS,Cafes and restaurants,Lifestyle
2024-10-29T02:56:14.000Z,MANLY PHARMACY MANLY WAGES UNICHEM,,40.7,DIRECT CREDIT,,
2024-10-28T18:20:38.000Z,MCDONALDS OREWA 010038211253 OREWA 0499290720,McDonald's,-8.5,EFTPOS,Fast food stores,Lifestyle
2024-10-27T22:00:06.000Z,WHITCOULLS 2011 LTD 010038211253 SILVERDALE 0499281059,Whitcoulls,-37.99,EFTPOS,Book stores,Education
2024-10-27T20:52:32.000Z,MCDONALD'S SILVERDAL 010038211253 AUCKLAND 0499280952,McDonald's,-11.0,EFTPOS,Fast food stores,Lifestyle
2024-10-22T02:02:35.000Z,MANLY PHARMACY MANLY WAGES UNICHEM,,50.88,DIRECT CREDIT,,
2024-10-20T08:39:38.000Z,Z WHANGAPARAOA 010038211253 WHANGAPARAOA 0499202139,Z Energy,-92.11,EFTPOS,Fuel stations,Transport
2024-10-20T02:03:49.000Z,Azy,,-52.5,DIRECT CREDIT,,
2024-10-19T03:30:12.000Z,Look Sharp Penrose 4 010038211253 AUCKLAND 0499191629,Look Sharp,-8.0,EFTPOS,Variety stores,Household
2024-10-19T01:25:16.000Z,MCDONALDS GREY LYNN 010038211253 GREY LYNN 0499191425,McDonald's,-3.0,EFTPOS,Fast food stores,Lifestyle
2024-10-16T23:43:26.000Z,MCDONALDS OREWA 010038211253 OREWA 0499171243,McDonald's,-9.0,EFTPOS,Fast food stores,Lifestyle
2024-10-16T23:41:53.000Z,MCDONALDS OREWA 010038211253 OREWA 0499171241,McDonald's,-3.0,EFTPOS,Fast food stores,Lifestyle
2024-10-15T03:14:41.000Z,MANLY PHARMACY MANLY WAGES UNICHEM,,96.66,DIRECT CREDIT,,
2024-10-13T09:23:05.000Z,Cody,,-30.0,DIRECT CREDIT,,
2024-10-13T04:08:41.000Z,AS Colour 219 Don Mc 010038211253 AUCKLAND 0499131708,AS Colour,-65.0,EFTPOS,Clothing stores,Appearance
2024-10-13T03:15:16.000Z,Master Bao Albany 21 010038211253 AUCKLAND 0499131615,Master Bao,-11.9,EFTPOS,Fast food stores,Lifestyle
2024-10-12T23:42:04.000Z,Z WHANGAPARAOA 010038211253 WHANGAPARAOA 0499131242,Z Energy,-15.0,EFTPOS,Fuel stations,Transport
2024-10-12T23:10:09.000Z,Tania and Tibor car wash INTERNET XFR,,25.0,TRANSFER,,
2024-10-10T08:28:36.000Z,MCDONALD'S SILVERDAL 010038211253 AUCKLAND 0499102128,McDonald's,-10.0,EFTPOS,Fast food stores,Lifestyle
2024-10-09T23:10:39.000Z,Manly Pricecutter 010038211253 Whangaparaoa 0499101210,Price Cutter,-3.5,EFTPOS,Convenience stores,Food
2024-10-08T02:37:46.000Z,MANLY PHARMACY MANLY WAGES UNICHEM,,50.88,DIRECT CREDIT,,
2024-10-07T03:20:20.000Z,WOOLWORTHS NZ 9120 010038211253 MATAMATA NZ 0499071620,Woolworths,-3.6,EFTPOS,Supermarkets and grocery stores,Food
2024-10-07T03:02:01.000Z,Stop N Shop 010038211253 Auckland 0499071601,Stop N Shop,-3.5,EFTPOS,Supermarkets and grocery stores,Food
2024-10-06T05:47:33.000Z,MCDONALDS DRURY MSA 010038211253 DRURY 0499061847,McDonald's,-14.0,EFTPOS,Fast food stores,Lifestyle
2024-10-01T23:52:35.000Z,Da Hua Supermarket A 010038211253 AUCKLAND 0499021252,Dahua Supermarket,-6.48,EFTPOS,Supermarkets and grocery stores,Food
2024-10-01T23:23:14.000Z,MATSU SUSHI 010038211253 AUCKLAND 0499021223,Matsu Sushi,-26.0,EFTPOS,Cafes and restaurants,Lifestyle
2024-09-30T03:02:24.000Z,Manly Pricecutter 010038211253 Whangaparaoa 0499301602,Price Cutter,-3.5,EFTPOS,Convenience stores,Food
2024-09-29T21:11:43.000Z,MERCURY NZ LIMITED DIVIDEND NZD NAGY AM 320529727,,108.39,DIRECT CREDIT,,
2024-09-26T04:51:37.000Z,O P GODFREY,,15.0,PAYMENT,,
2024-09-25T20:38:38.000Z,RISHWORTH SUPERETTE 010038211253 WHANGAPARAOA 0499260838,Rishworth Superette,-3.0,EFTPOS,Convenience stores,Food
2024-09-25T00:04:17.000Z,WOOLWORTHS NZ 9061 010038211253 OREWA NZ 0499251204,Woolworths,-4.5,EFTPOS,Supermarkets and grocery stores,Food
2024-09-24T02:17:22.000Z,MANLY PHARMACY MANLY WAGES UNICHEM,,50.54,DIRECT CREDIT,,
2024-09-21T21:04:07.000Z,MCDONALDS OREWA 010038211253 OREWA 0499220904,McDonald's,-12.1,EFTPOS,Fast food stores,Lifestyle
2024-09-21T00:22:51.000Z,MATSU SUSHI 010038211253 AUCKLAND 0499211222,Matsu Sushi,-13.0,EFTPOS,Cafes and restaurants,Lifestyle
2024-09-21T00:00:23.000Z,COTTON ON MEGA 9912 010038211253 ALBANY 0499211200,Cotton On,-117.48,EFTPOS,Clothing stores,Appearance
2024-09-17T01:55:00.000Z,MANLY PHARMACY MANLY WAGES UNICHEM,,86.49,DIRECT CREDIT,,
2024-09-17T00:43:48.000Z,CLARKE D J <333,,5.0,PAYMENT,,
